question,answer,source,intent
what is the title and extent of operation of the indian penal code?,"the title is the indian penal code and its operation extends to the punishment of offences committed within india, and beyond but which by law may be tried within india. it also includes extension of the code to extraterritorial offences.",IPC,law_info
"where does the operation of the indian penal code extend to, and does it include extraterritorial offences?","the operation of the indian penal code extends to the punishment of offences committed within india, and beyond but which by law may be tried within india. it also includes extension of the code to extraterritorial offences.",IPC,law_info
what does the indian penal code stipulate about certain laws?,the indian penal code specifies that certain laws are not to be affected by this act.,IPC,law_info
what does the indian penal code say about the impact of this act on certain laws?,the indian penal code specifies that certain laws are not to be affected by this act.,IPC,law_info
"what is man, woman, person, and public according to the indian penal code?","these terms are defined in the general explanations section of the indian penal code, however, the actual definitions are not provided in the provided text.",IPC,law_info
"where are the terms man, woman, person, and public defined in the indian penal code?",these terms are defined in the general explanations section of the indian penal code.,IPC,law_info
"what is the definition of wrongful gain, wrongful loss, dishonestly, and fraudulently in the indian penal code?","these terms are defined in the general explanations section of the indian penal code, however, the actual definitions are not provided in the provided text.",IPC,law_info
"where in the indian penal code are the terms wrongful gain, wrongful loss, dishonestly, and fraudulently defined?",these terms are defined in the general explanations section of the indian penal code.,IPC,law_info
what are the types of punishments stipulated in the indian penal code?,"the types of punishments are mentioned in chapter iii of the indian penal code, but the actual details are not provided in the given text.",IPC,law_info
in which chapter of the indian penal code are the types of punishments mentioned?,the types of punishments are mentioned in chapter iii of the indian penal code.,IPC,law_info
what is meant by communtation of sentence of death and communtation of sentence of imprisonment in the indian penal code?,"these terms refer to the reduction of the severity of a penalty or sentence of death or imprisonment. however, the specific details of these terms as used in the indian penal code are not provided in the given text.",IPC,law_info
what do the terms communtation of sentence of death and communtation of sentence of imprisonment generally refer to?,these terms generally refer to the reduction of the severity of a penalty or sentence of death or imprisonment.,IPC,law_info
what is the definition of appropriate government according to section 55a?,the text does not provide a definition for appropriate government under section 55a.,IPC,law_info
does the text provide a definition for appropriate government under section 55a?,"no, the text does not provide a definition for appropriate government under section 55a.",IPC,law_info
what is the punishment for fractions of terms according to section 57?,the text does not provide specific details on the punishment for fractions of terms under section 57.,IPC,law_info
does the text provide specific details on the punishment for fractions of terms under section 57?,"no, the text does not provide specific details on the punishment for fractions of terms under section 57.",IPC,law_info
what does section 60 state about the sentence?,section 60 states that the sentence may be wholly or partly rigorous or simple in certain cases of imprisonment.,IPC,law_info
which section states that the sentence may be wholly or partly rigorous or simple in certain cases of imprisonment?,section 60 states that.,IPC,law_info
what does section 63 refer to?,section 63 refers to the amount of fine.,IPC,law_info
what does the amount of fine refer to in legal terms?,"in legal terms, the amount of fine refers to section 63.",IPC,law_info
what does section 68 state about imprisonment?,section 68 states that imprisonment is to terminate on payment of fine.,IPC,law_info
what does imprisonment terminate on according to section 68?,"according to section 68, imprisonment terminates on payment of fine.",IPC,law_info
what does section 73 refer to?,section 73 refers to solitary confinement.,IPC,law_info
what does solitary confinement refer to in this context?,"in this context, solitary confinement refers to section 73.",IPC,law_info
what does section 74 limit?,section 74 limits the duration of solitary confinement.,IPC,law_info
what does section 74 specifically limit in terms of prison conditions?,section 74 specifically limits the duration of solitary confinement.,IPC,law_info
what does section 75 refer to?,section 75 refers to the enhanced punishment for certain offences under chapter xii or chapter xvii after a previous conviction.,IPC,law_info
what does enhanced punishment for certain offences under chapter xii or chapter xvii after a previous conviction refer to?,this refers to section 75.,IPC,law_info
what does section 81 refer to?,"section 81 refers to an act likely to cause harm, but done without criminal intent, and to prevent other harm.",IPC,law_info
"which section refers to an act likely to cause harm, but done without criminal intent, and to prevent other harm?","section 81 refers to an act likely to cause harm, but done without criminal intent, and to prevent other harm.",IPC,law_info
what does section 84 refer to?,section 84 refers to the act of a person of unsound mind.,IPC,law_info
what is the term for the act of a person of unsound mind in legal terminology?,the act of a person of unsound mind is referred to as section 84 in legal terminology.,IPC,law_info
what does section 88 refer to?,the text does not provide specific details on what section 88 refers to.,IPC,law_info
does the text provide specific details on what section 88 refers to?,"no, the text does not provide specific details on what section 88 refers to.",IPC,law_info
what does act 90 state?,"act 90 states that consent known to be given under fear or misconception, consent of an insane person, and consent of a child are all considered.",IPC,law_info
"what does consent known to be given under fear or misconception, consent of an insane person, and consent of a child all have in common?",they are all considered under act 90.,IPC,law_info
what is act 91 about?,act 91 is about the exclusion of acts which are offences independently of harm caused.,IPC,law_info
what does act 91 specifically exclude?,act 91 excludes acts which are offences independently of harm caused.,IPC,law_info
what does act 92 describe?,act 92 describes an act done in good faith for the benefit of a person without consent.,IPC,law_info
which act describes an act done in good faith for the benefit of a person without consent?,act 92,IPC,law_info
what is the focus of act 93?,act 93 focuses on communication made in good faith.,IPC,law_info
which act focuses on communication made in good faith?,act 93 focuses on communication made in good faith.,IPC,law_info
what is mentioned in act 94?,act 94 mentions an act to which a person is compelled by threats.,IPC,law_info
which act talks about a person being compelled by threats?,act 94,IPC,law_info
what does act 95 deal with?,act 95 deals with an act causing slight harm.,IPC,law_info
what is the subject of the act that deals with causing slight harm?,the act that deals with causing slight harm is act 95.,IPC,law_info
what is act 96 about?,act 96 is about things done in private defence.,IPC,law_info
which act is about things done in private defence?,act 96 is about things done in private defence.,IPC,law_info
what does act 97 state?,act 97 states the right of private defence of the body and of property.,IPC,law_info
which act states the right of private defence of the body and of property?,act 97 states the right of private defence of the body and of property.,IPC,law_info
what is act 98 focused on?,act 98 focuses on the right of private defence against the act of a person of unsound mind.,IPC,law_info
which act focuses on the right of private defence against the act of a person of unsound mind?,act 98,IPC,law_info
what is outlined in act 99?,act 99 outlines acts against which there is no right of private defence.,IPC,law_info
which act outlines acts against which there is no right of private defence?,act 99 outlines acts against which there is no right of private defence.,IPC,law_info
what does act 100 describe?,act 100 describes when the right of private defence of the body extends to causing death.,IPC,law_info
which act describes when the right of private defence of the body extends to causing death?,act 100 describes when the right of private defence of the body extends to causing death.,IPC,law_info
what is the definition of abetment in act 107?,act 107 defines abetment of a thing.,IPC,law_info
what does act 107 define?,abetment of a thing,IPC,law_info
what does act 108 define?,act 108 defines an abettor.,IPC,law_info
who is defined by act 108?,an abettor,IPC,law_info
what is stated in act 108a?,act 108a states about abetment in indian of offences outside india.,IPC,law_info
what does act 108a in indian law discuss?,act 108a discusses about abetment in india of offences outside india.,IPC,law_info
what does act 109 focus on?,act 109 focuses on the punishment of abetment if the act abetted is committed in consequence and when no express provision is made for its punishment.,IPC,law_info
which act focuses on the punishment of abetment if the act abetted is committed in consequence and when no express provision is made for its punishment?,act 109 focuses on this.,IPC,law_info
what does section 114 in the law text refer to?,section 114 refers to the abettor being present when the offence is committed.,IPC,law_info
which section of the law text refers to the abettor being present when the offence is committed?,section 114 refers to the abettor being present when the offence is committed.,IPC,law_info
what does section 115 discuss in the legal text?,"section 115 discusses the abetment of offence punishable with death or imprisonment for life, particularly if the offence is not committed.",IPC,law_info
"which section of the legal text discusses the abetment of offence punishable with death or imprisonment for life, particularly if the offence is not committed?",section 115 discusses this.,IPC,law_info
what is the content of section 116?,"section 116 covers the abetment of offence punishable with imprisonment, with specific cases where the offence is not committed and if the abettor or person abetted is a public servant whose duty it is to prevent the offence.",IPC,law_info
"which section discusses the abetment of offence punishable with imprisonment, specifically in cases where the offence is not committed and if the abettor or person abetted is a public servant whose duty it is to prevent the offence?",this topic is covered in section 116.,IPC,law_info
what is section 117 about?,section 117 is about abetting the commission of an offence by the public or by more than ten persons.,IPC,law_info
which section is about abetting the commission of an offence by the public or by more than ten persons?,section 117 is about abetting the commission of an offence by the public or by more than ten persons.,IPC,law_info
what does section 120a define?,section 120a provides the definition of a criminal conspiracy.,IPC,law_info
which section provides the definition of a criminal conspiracy?,section 120a defines a criminal conspiracy.,IPC,law_info
what type of offence does section 121 deal with?,"section 121 deals with the offence of waging, or attempting to wage war, or abetting waging of war, against the government of india.",IPC,law_info
"which section of the law deals with the offence of waging, or attempting to wage war, or abetting waging of war, against the government of india?",section 121 deals with this offence.,IPC,law_info
what does section 122 cover?,"section 122 covers the act of collecting arms, etc., with the intention of waging war against the government of india.",IPC,law_info
"which section of the law covers the act of collecting arms, etc., with the intention of waging war against the government of india?","the act of collecting arms, etc., with the intention of waging war against the government of india is covered in section 122.",IPC,law_info
what is section 124a about?,section 124a covers the offence of sedition.,IPC,law_info
which section covers the offence of sedition?,section 124a covers the offence of sedition.,IPC,law_info
what does section 125 discuss?,section 125 discusses the offence of waging war against any asiatic power in alliance with the government of india.,IPC,law_info
which section discusses the offence of waging war against any asiatic power in alliance with the government of india?,section 125 discusses this offence.,IPC,law_info
what is the content of section 128?,section 128 discusses the offence of a public servant voluntarily allowing a prisoner of state or war to escape.,IPC,law_info
which section discusses the offence of a public servant voluntarily allowing a prisoner of state or war to escape?,section 128,IPC,law_info
"what is the offence related to abetting mutiny or attempting to seduce a soldier, sailor or airman from his duty?",131,IPC,law_info
"which number corresponds to the offence related to abetting mutiny or attempting to seduce a soldier, sailor or airman from his duty?",131,IPC,law_info
"what is the offence committed if a soldier, sailor or airman assaults his superior officer?",133,IPC,law_info
"what is the code number for the offence committed by a soldier, sailor or airman when they assault their superior officer?",133,IPC,law_info
what offence is committed if someone harbours a deserter?,136,IPC,law_info
what is the number associated with the offence of harboring a deserter?,136,IPC,law_info
"what is the offence related to wearing the garb or carrying token used by soldier, sailor or airman?",140,IPC,law_info
"what number represents the offence related to wearing the garb or carrying token used by soldier, sailor or airman?",140,IPC,law_info
what is the offence related to unlawful assembly?,141,IPC,law_info
what is the number associated with the offence related to unlawful assembly?,141,IPC,law_info
what offence is committed when joining an unlawful assembly armed with a deadly weapon?,144,IPC,law_info
what is the number associated with the offence committed when joining an unlawful assembly armed with a deadly weapon?,144,IPC,law_info
what offence is committed when assaulting or obstructing public servant when suppressing a riot?,152,IPC,law_info
what is the code for the offence committed when assaulting or obstructing a public servant when suppressing a riot?,152,IPC,law_info
"what is the offence related to promoting enmity between different groups on grounds of religion, race, place of birth, etc.?",153a,IPC,law_info
"what is the section number for the offence related to promoting enmity between different groups on grounds of religion, race, place of birth, etc.?",153a,IPC,law_info
"what is the punishment for knowingly carrying arms in any procession or organizing, or holding or taking part in any mass drill or mass training with arms?",153aa,IPC,law_info
what is the code 153aa associated with in terms of punishment?,"knowingly carrying arms in any procession or organizing, or holding or taking part in any mass drill or mass training with arms",IPC,law_info
what does section 153b of the law state?,"imputation, assertions prejudicial to nationalintegration.",IPC,law_info
"which section of the law states imputation, assertions prejudicial to nationalintegration?",section 153b,IPC,law_info
who does section 154 refer to?,owner or occupier of land on which an unlawful assembly is held.,IPC,law_info
what does the owner or occupier of land on which an unlawful assembly is held refer to in law?,section 154,IPC,law_info
what is the content of section 158?,being hired to take part in an unlawful assembly or riot or to go armed.,IPC,law_info
which section discusses being hired to take part in an unlawful assembly or riot or to go armed?,section 158,IPC,law_info
what does section 159 define?,affray.,IPC,law_info
which section defines affray?,section 159,IPC,law_info
what is the punishment in section 160?,punishment for committing affray.,IPC,law_info
which section of law details the punishment for committing affray?,section 160,IPC,law_info
what does section 166 refer to?,"public servant disobeying law, with intent to cause injury to any person.",IPC,law_info
"which section refers to a public servant disobeying law, with intent to cause injury to any person?",section 166,IPC,law_info
what is the focus of section 170?,personating a public servant.,IPC,law_info
which section focuses on personating a public servant?,section 170,IPC,law_info
what does section 171c cover?,undue influence at elections.,IPC,law_info
which section covers undue influence at elections?,section 171c,IPC,law_info
what is the crime in section 171e?,punishment for bribery.,IPC,law_info
which section includes the punishment for bribery?,section 171e,IPC,law_info
what does section 172 pertain to?,absconding to avoid service of summons of other proceeding.,IPC,law_info
which legal section pertains to absconding to avoid service of summons of other proceeding?,section 172,IPC,law_info
what does section 174a refer to?,nonappearance in response to a proclamation under section 82 of act 2 of 1974.,IPC,law_info
which section does the nonappearance in response to a proclamation under section 82 of act 2 of 1974 refer to?,section 174a,IPC,law_info
what is meant by omission to give notice or information to public servant by person legally bound to give it?,it refers to the act where a person who is legally obligated to provide certain information or notice to a public servant fails to do so.,IPC,law_info
what does the act where a person who is legally obligated to provide certain information or notice to a public servant fails to do so refer to?,it refers to omission to give notice or information to public servant by person legally bound to give it.,IPC,law_info
what is furnishing false information?,it refers to the act of providing incorrect or misleading information.,IPC,law_info
what does the act of providing incorrect or misleading information refer to?,it refers to furnishing false information.,IPC,law_info
what does resistance to the taking of property by the lawful authority of a public servant imply?,it means resisting or opposing the lawful action of a public servant to seize or take control of property.,IPC,law_info
what does it mean to resist or oppose the lawful action of a public servant to seize or take control of property?,it implies resistance to the taking of property by the lawful authority of a public servant.,IPC,law_info
what is illegal purchase or bid for property offered for sale by authority of public servant?,this denotes the act of illegally purchasing or bidding on property that has been put up for sale under the authority of a public servant.,IPC,law_info
what does the act of illegally purchasing or bidding on property that has been put up for sale under the authority of a public servant denote?,this denotes illegal purchase or bid for property offered for sale by authority of public servant.,IPC,law_info
what does obstructing public servant in discharge of public functions mean?,this means impeding or blocking a public servant from performing their official duties.,IPC,law_info
what does it mean to impede or block a public servant from performing their official duties?,this refers to obstructing public servant in discharge of public functions.,IPC,law_info
what is disobedience to order duly promulgated by public servant?,this refers to the act of not following or disobeying an order that has been officially issued by a public servant.,IPC,law_info
what does the act of not following or disobeying an order that has been officially issued by a public servant refer to?,it refers to disobedience to order duly promulgated by public servant.,IPC,law_info
what does giving false evidence mean?,this refers to the act of providing false or misleading information or testimony in a legal proceeding.,IPC,law_info
what act refers to providing false or misleading information or testimony in a legal proceeding?,giving false evidence refers to this act.,IPC,law_info
what is fabricating false evidence?,this refers to the creation or alteration of evidence with the intention to deceive or mislead.,IPC,law_info
what does the creation or alteration of evidence with the intention to deceive or mislead refer to?,fabricating false evidence,IPC,law_info
what is meant by using evidence known to be false?,this implies the act of knowingly using false or incorrect evidence in a legal proceeding.,IPC,law_info
what does the act of knowingly using false or incorrect evidence in a legal proceeding imply?,this is meant by using evidence known to be false.,IPC,law_info
what does issuing or signing false certificate mean?,this means to create or approve a certificate with false or misleading information.,IPC,law_info
what does it mean to create or approve a certificate with false or misleading information?,this is referred to as issuing or signing false certificate.,IPC,law_info
what does it mean to cause disappearance of evidence of offence or giving false information to screen offender?,it refers to the act of eliminating evidence or providing incorrect information with the intention of protecting an individual who has committed a crime.,IPC,law_info
what is referred to by the act of eliminating evidence or providing incorrect information with the intention of protecting an individual who has committed a crime?,it means to cause disappearance of evidence of offence or giving false information to screen offender.,IPC,law_info
what is the definition of intentional omission to give information of offence by person bound to inform?,"it refers to the deliberate failure of an individual, who is obligated to do so, to provide information about a crime.",IPC,law_info
"what does the deliberate failure of an individual, who is obligated to do so, to provide information about a crime refer to?",it refers to intentional omission to give information of offence by person bound to inform.,IPC,law_info
what is destruction of document to prevent its production as evidence?,it refers to the act of intentionally destroying a document to prevent it from being used as evidence in a legal proceeding.,IPC,law_info
what does the act of intentionally destroying a document to prevent it from being used as evidence in a legal proceeding refer to?,it refers to destruction of document to prevent its production as evidence.,IPC,law_info
what does false personation for purpose of act or proceeding in suit or prosecution mean?,it refers to the act of falsely representing oneself with the intention to deceive during a legal action or prosecution.,IPC,law_info
what does it mean when someone falsely represents themselves with the intention to deceive during a legal action or prosecution?,this is referred to as false personation for purpose of act or proceeding in suit or prosecution.,IPC,law_info
what is meant by harbouring offender?,it refers to the act of providing refuge or protection to an individual who has committed a crime.,IPC,law_info
what does the act of providing refuge or protection to an individual who has committed a crime refer to?,it is referred to as harbouring offender.,IPC,law_info
what does public servant disobeying direction of law with intent to save person from punishment or property from forfeiture imply?,it refers to a public servant intentionally disregarding the law with the aim of preventing a person from being punished or property from being seized.,IPC,law_info
what is meant by a public servant intentionally disregarding the law with the aim of preventing a person from being punished or property from being seized?,this is referred to as public servant disobeying direction of law with intent to save person from punishment or property from forfeiture.,IPC,law_info
"what is the meaning of public servant in judicial proceeding corruptly making report, etc., contrary to law?","it refers to a public servant who, during a judicial proceeding, dishonestly creates a report or takes an action that is against the law.",IPC,law_info
who does the term refer to that dishonestly creates a report or takes an action against the law during a judicial proceeding?,"the term refers to a public servant in judicial proceeding corruptly making report, etc., contrary to law.",IPC,law_info
what does section 221 refer to?,intentional omission to apprehend on the part of public servant bound to apprehend.,IPC,law_info
which section refers to the intentional omission to apprehend on the part of a public servant bound to apprehend?,section 221,IPC,law_info
what is mentioned in section 223?,escape from confinement or custody negligently suffered by public servant.,IPC,law_info
which section mentions about escape from confinement or custody negligently suffered by public servant?,section 223,IPC,law_info
what does section 225a cover?,"omission to apprehend, or sufferance of escape, on part of public servant, in cases not otherwise, provided for.",IPC,law_info
"which section covers the omission to apprehend, or sufferance of escape, on part of public servant, in cases not otherwise, provided for?",section 225a covers this.,IPC,law_info
what is the violation mentioned in section 227?,violation of condition of remission of punishment.,IPC,law_info
which section mentions the violation of condition of remission of punishment?,section 227,IPC,law_info
what is the crime defined in section 228a?,"disclosure of identity of the victim of certain offences, etc.",IPC,law_info
"which section of law defines the crime of disclosure of identity of the victim of certain offences, etc.?",section 228a,IPC,law_info
what does section 229a refer to?,failure by person released on bail or bond to appear in court.,IPC,law_info
which section refers to the failure by person released on bail or bond to appear in court?,section 229a,IPC,law_info
what is the definition given in section 230?,coin defined. indian coin.,IPC,law_info
which section defines the term coin as indian coin?,section 230,IPC,law_info
what crime is covered under section 231?,counterfeiting coin.,IPC,law_info
under which section is the crime of counterfeiting coin covered?,section 231,IPC,law_info
what does section 235 concern?,possession of instrument or material for the purpose of using the same for counterfeiting coin if indian coin.,IPC,law_info
which section concerns possession of instrument or material for the purpose of using the same for counterfeiting coin if it is an indian coin?,section 235,IPC,law_info
what is the crime defined in section 238?,import or export of counterfeits of the indian coin.,IPC,law_info
which section of law defines the crime of import or export of counterfeits of the indian coin?,section 238,IPC,law_info
what does section 242 refer to?,possession of counterfeit coin by person.,IPC,law_info
which section refers to the possession of counterfeit coin by a person?,section 242,IPC,law_info
what is the offence for a person who knowingly becomes possessed of a counterfeit indian coin?,the offence is outlined in section 243 possession of indian coin by person who knew it to be counterfeit when he became possessed thereof.,IPC,law_info
which section outlines the offence for a person who knowingly becomes possessed of a counterfeit indian coin?,the offence is outlined in section 243.,IPC,law_info
what is the crime for someone employed in mint causing coin to be of different weight or composition from that fixed by law?,the crime is defined in section 244 person employed in mint causing coin to be of different weight or composition from that fixed by law.,IPC,law_info
what is defined in section 244 regarding a person employed in mint causing coin to be of different weight or composition from that fixed by law?,the crime for someone employed in mint causing coin to be of different weight or composition from that fixed by law is defined in section 244.,IPC,law_info
what does section 245 refer to?,section 245 refers to the offence of unlawfully taking a coining instrument from mint.,IPC,law_info
what does the offense of unlawfully taking a coining instrument from mint refer to?,the offense of unlawfully taking a coining instrument from mint refers to section 245.,IPC,law_info
what does section 248 pertain to?,section 248 is about altering appearance of coin with intent that it shall pass as coin of different description.,IPC,law_info
which section is related to altering the appearance of a coin with the intent that it shall pass as a coin of a different description?,section 248 pertains to this.,IPC,law_info
what is the crime for delivering a coin that you know has been altered?,"the crime is described in section 250 delivery of coin, possessed with knowledge that it is altered.",IPC,law_info
"which section describes the crime of delivering a coin, possessed with knowledge that it is altered?",the crime is described in section 250.,IPC,law_info
what crime does section 255 refer to?,section 255 refers to the crime of counterfeiting a government stamp.,IPC,law_info
which section of the law refers to the crime of counterfeiting a government stamp?,the crime of counterfeiting a government stamp is referred to in section 255.,IPC,law_info
what does section 258 define?,section 258 defines the sale of counterfeit government stamp as a crime.,IPC,law_info
which section defines the sale of counterfeit government stamp as a crime?,section 258 defines the sale of counterfeit government stamp as a crime.,IPC,law_info
what is the crime for using a government stamp known to be counterfeit?,the crime is stated in section 260 using as genuine a government stamp known to be counterfeit.,IPC,law_info
what is stated in section 260 regarding the use of counterfeit government stamps?,section 260 states the crime for using as genuine a government stamp known to be counterfeit.,IPC,law_info
what is the offence defined in section 264?,section 264 defines the fraudulent use of false instrument for weighing as an offence.,IPC,law_info
what does section 264 specifically define as an offence?,the fraudulent use of false instrument for weighing,IPC,law_info
what does section 265 refer to?,section 265 refers to the fraudulent use of false weight or measure.,IPC,law_info
what does the fraudulent use of false weight or measure refer to in legal terms?,"in legal terms, the fraudulent use of false weight or measure refers to section 265.",IPC,law_info
what is the offence under section 268?,public nuisance.,IPC,law_info
which section of law is associated with the offence of public nuisance?,section 268,IPC,law_info
what is considered an offence under section 269?,negligent act likely to spread infection of disease dangerous to life.,IPC,law_info
which section of the law considers a negligent act likely to spread infection of disease dangerous to life as an offence?,section 269,IPC,law_info
what does section 271 state as an offence?,disobedience to quarantine rule.,IPC,law_info
which section states disobedience to quarantine rule as an offence?,section 271,IPC,law_info
what is the offence under section 277?,fouling water of public spring or reservoir.,IPC,law_info
which section of the law is violated by fouling water of public spring or reservoir?,section 277,IPC,law_info
what is considered an offence under section 283?,danger or obstruction in public way or line of navigation.,IPC,law_info
under which section is danger or obstruction in public way or line of navigation considered an offence?,section 283,IPC,law_info
what does section 295 refer to?,"injuring or defiling place of work ship, with intent to insult the religion of any class.",IPC,law_info
"what is the act of injuring or defiling place of work ship, with intent to insult the religion of any class referred to as?",section 295,IPC,law_info
what is the offence under section 297?,"trespassing on burial places, etc.",IPC,law_info
"which section of the law is violated by trespassing on burial places, etc.?",section 297,IPC,law_info
what is considered an offence under section 294a?,keeping lottery office.,IPC,law_info
under which section of law is keeping a lottery office considered an offence?,section 294a,IPC,law_info
what does section 292 state as an offence?,"sale, etc., of obscene books, etc.",IPC,law_info
"which section of the law states the offence of sale, etc., of obscene books, etc.?",section 292,IPC,law_info
what is the offence under section 286?,negligent conduct with respect to explosive substance.,IPC,law_info
which section is related to the offence of negligent conduct with respect to explosive substance?,section 286,IPC,law_info
what is defined by section 299?,culpable homicide,IPC,law_info
which section defines culpable homicide?,section 299,IPC,law_info
what kind of offense is outlined in section 300?,murder,IPC,law_info
which section of the law outlines the offense of murder?,section 300,IPC,law_info
what does section 304a describe?,causing death by negligence,IPC,law_info
which section describes causing death by negligence?,section 304a,IPC,law_info
what does section 305 cover?,abetment of suicide of child or insane person,IPC,law_info
which section covers the abetment of suicide of child or insane person?,section 305,IPC,law_info
what does section 312 define?,causing miscarriage,IPC,law_info
what is defined as causing miscarriage?,section 312,IPC,law_info
what is the crime outlined in section 319?,hurt,IPC,law_info
which section of the law outlines the crime of hurt?,section 319,IPC,law_info
what is the offense mentioned in section 320?,grievous hurt,IPC,law_info
which section of law mentions the offense of grievous hurt?,section 320,IPC,law_info
what does section 326a describe?,"voluntarily causing grievous hurt by use of acid, etc.",IPC,law_info
"which legal section describes the act of voluntarily causing grievous hurt by use of acid, etc.?",section 326a,IPC,law_info
what kind of crime is covered in section 327?,"voluntarily causing hurt to extort property, or to constrain to an illegal act",IPC,law_info
"which section covers the crime of voluntarily causing hurt to extort property, or to constrain to an illegal act?",section 327,IPC,law_info
what is the crime defined in section 328?,"causing hurt by means of poison, etc., with intent to commit an offence",IPC,law_info
"which section of law defines the crime of causing hurt by means of poison, etc., with intent to commit an offence?",section 328,IPC,law_info
"what is meant by voluntarily causing hurt to extort confession, or to compel restoration of property?","it refers to the act of intentionally causing physical harm to a person with the purpose of extracting a confession or compelling them to return stolen property, as described in section 330 and 331.",IPC,law_info
"what does the act of intentionally causing physical harm to a person with the purpose of extracting a confession or compelling them to return stolen property refer to, as described in section 330 and 331?","its referred to as voluntarily causing hurt to extort confession, or to compel restoration of property.",IPC,law_info
what does voluntarily causing grievous hurt to deter public servant from his duty imply?,"it refers to the act of intentionally causing serious physical harm to a public servant with the aim of preventing them from performing their duties, as described in section 333.",IPC,law_info
what is described in section 333 regarding harm to a public servant?,"section 333 describes voluntarily causing grievous hurt to deter public servant from his duty, which refers to the act of intentionally causing serious physical harm to a public servant with the aim of preventing them from performing their duties.",IPC,law_info
what is defined as wrongful confinement?,"wrongful confinement refers to the act of unlawfully restricting a persons freedom of movement, as described in section 340.",IPC,law_info
which section describes the act of wrongful confinement as the unlawful restriction of a persons freedom of movement?,section 340 describes the act of wrongful confinement.,IPC,law_info
what is the meaning of assault or criminal force to deter public servant from discharge of his duty?,"it refers to the act of carrying out an assault or using criminal force to prevent a public servant from performing their duties, as described in section 353.",IPC,law_info
what does the act described in section 353 refer to?,it refers to the act of assault or criminal force to deter public servant from discharge of his duty.,IPC,law_info
what is sexual harassment and punishment for sexual harassment?,"it refers to the act of engaging in unwanted sexual behaviour towards another person and the corresponding punishments for such behaviours, as outlined in section 354a.",IPC,law_info
what does section 354a outline?,"section 354a outlines the act of engaging in unwanted sexual behaviour towards another person and the corresponding punishments for such behaviours, which is also known as sexual harassment and punishment for sexual harassment.",IPC,law_info
what does assault or criminal force in attempt wrongfully to refer to?,"it refers to the act of using assault or criminal force in a wrongful attempt to achieve a certain goal, as partially described in section 357.",IPC,law_info
"what does the act of using assault or criminal force in a wrongful attempt to achieve a certain goal refer to, as partially described in section 357?",it refers to assault or criminal force in attempt wrongfully to.,IPC,law_info
what is the definition of section 358?,assault or criminal force on grave provocation.,IPC,law_info
which section of law is defined as assault or criminal force on grave provocation?,section 358,IPC,law_info
what does section 359 cover?,kidnapping.,IPC,law_info
which section covers kidnapping?,section 359,IPC,law_info
what does section 361 mention?,kidnapping from lawful guardianship.,IPC,law_info
which section mentions kidnapping from lawful guardianship?,section 361,IPC,law_info
what is the punishment for kidnapping as per section 363?,punishment for kidnapping.,IPC,law_info
what is section 363 about?,section 363 is about the punishment for kidnapping.,IPC,law_info
what does section 364a cover?,"kidnapping for ransom, etc.",IPC,law_info
"which section covers kidnapping for ransom, etc.?",section 364a,IPC,law_info
what is section 365 about?,kidnapping or abducting with intent secretly and wrongfully to confine person.,IPC,law_info
which section is about kidnapping or abducting with intent secretly and wrongfully to confine person?,section 365,IPC,law_info
what does section 370 cover?,trafficking of person.,IPC,law_info
which section covers the trafficking of person?,section 370,IPC,law_info
what is the definition of section 375?,rape.,IPC,law_info
which legal section is defined as rape?,section 375,IPC,law_info
what is the punishment for rape as per section 376?,punishment for rape.,IPC,law_info
what does section 376 pertain to?,punishment for rape.,IPC,law_info
what does section 378 cover?,theft.,IPC,law_info
what is covered under section 378?,theft.,IPC,law_info
what is the punishment for theft as per section 379?,punishment for theft.,IPC,law_info
what does section 379 pertain to in law?,punishment for theft.,IPC,law_info
what does section 383 cover?,extortion.,IPC,law_info
which section covers extortion?,section 383,IPC,law_info
what is the punishment for extortion?,the text does not provide specific information about the punishment for extortion.,IPC,law_info
does the text provide specific information about the punishment for extortion?,"no, the text does not provide specific information about the punishment for extortion.",IPC,law_info
what does section 385 relate to?,section 385 relates to putting a person in fear of injury in order to commit extortion.,IPC,law_info
which section relates to putting a person in fear of injury in order to commit extortion?,section 385 relates to this.,IPC,law_info
what is defined in section 390?,section 390 defines robbery.,IPC,law_info
what does section 390 define?,section 390 defines robbery.,IPC,law_info
what is section 391 about?,section 391 is about dacoity.,IPC,law_info
which section is about dacoity?,section 391 is about dacoity.,IPC,law_info
what does section 406 describe?,section 406 describes the punishment for criminal breach of trust.,IPC,law_info
what is described as the punishment for criminal breach of trust?,the punishment for criminal breach of trust is described in section 406.,IPC,law_info
what is addressed in section 410?,section 410 addresses stolen property.,IPC,law_info
which section addresses stolen property?,section 410 addresses stolen property.,IPC,law_info
what is the topic of section 415?,section 415 is about cheating.,IPC,law_info
which section is about cheating?,section 415 is about cheating.,IPC,law_info
what does section 417 outline?,section 417 outlines the punishment for cheating.,IPC,law_info
which section outlines the punishment for cheating?,section 417 outlines the punishment for cheating.,IPC,law_info
what does section 416 entail?,section 416 entails cheating by personation.,IPC,law_info
which section entails cheating by personation?,section 416 entails cheating by personation.,IPC,law_info
what does section 418 discuss?,section 418 discusses cheating with knowledge that wrongful loss may ensue to person whose interest offender is bound to protect.,IPC,law_info
which section discusses cheating with knowledge that wrongful loss may ensue to person whose interest offender is bound to protect?,section 418 discusses this.,IPC,law_info
what is the punishment for cheating by personation?,this is outlined in law 419.,IPC,law_info
what law outlines the punishment for cheating by personation?,law 419.,IPC,law_info
what is law 420 about?,law 420 is about cheating and dishonestly inducing delivery of property.,IPC,law_info
which law is about cheating and dishonestly inducing delivery of property?,law 420 is about cheating and dishonestly inducing delivery of property.,IPC,law_info
what is considered as fraudulent deeds and dispositions of property?,"this is outlined in laws 421 to 424, which include acts like dishonest or fraudulent removal or concealment of property, preventing debt being available for creditors, execution of deed of transfer containing false statement of consideration.",IPC,law_info
"which laws outline the acts considered as fraudulent deeds and dispositions of property, and what do these acts include?","this is outlined in laws 421 to 424, which include acts like dishonest or fraudulent removal or concealment of property, preventing debt being available for creditors, execution of deed of transfer containing false statement of consideration.",IPC,law_info
what is considered as mischief?,"this is outlined in laws 425 to 440, which include acts like causing damage, killing or maiming animals, causing injury to public works or property, setting fires, and making preparations for causing death or hurt.",IPC,law_info
"which laws outline the acts considered as mischief, such as causing damage, killing or maiming animals, causing injury to public works or property, setting fires, and making preparations for causing death or hurt?",this is outlined in laws 425 to 440.,IPC,law_info
what is criminal trespass?,this is outlined in law 441.,IPC,law_info
which law outlines criminal trespass?,law 441,IPC,law_info
what is the difference between housetrespass and lurking housetrespass?,"housetrespass is defined in law 442, while lurking housetrespass is defined in law 443 and 444.",IPC,law_info
which laws define housetrespass and lurking housetrespass?,"housetrespass is defined in law 442, while lurking housetrespass is defined in law 443 and 444.",IPC,law_info
what is considered as housebreaking?,this is outlined in law 445.,IPC,law_info
what is outlined in law 445?,housebreaking is outlined in law 445.,IPC,law_info
what is the punishment for criminal trespass?,the punishment for criminal trespass is detailed in section 447.,IPC,law_info
what is detailed in section 447?,the punishment for criminal trespass is detailed in section 447.,IPC,law_info
what does section 448 describe?,section 448 describes the punishment for housetrespass.,IPC,law_info
what does the punishment for housetrespass refer to?,the punishment for housetrespass refers to section 448.,IPC,law_info
what is the focus of section 449?,section 449 focuses on housetrespass in order to commit an offence punishable with death.,IPC,law_info
what does section 449 specifically focus on?,section 449 focuses on housetrespass in order to commit an offence punishable with death.,IPC,law_info
what offence is discussed in section 450?,section 450 discusses housetrespass in order to commit offence punishable with imprisonment for life.,IPC,law_info
which section discusses housetrespass in order to commit offence punishable with imprisonment for life?,section 450 discusses housetrespass in order to commit offence punishable with imprisonment for life.,IPC,law_info
what is covered under section 451?,section 451 covers housetrespass in order to commit offence punishable with imprisonment.,IPC,law_info
which section covers the offence of housetrespass in order to commit offence punishable with imprisonment?,section 451 covers the offence of housetrespass in order to commit offence punishable with imprisonment.,IPC,law_info
what does section 463 specify?,section 463 specifies the offence of forgery.,IPC,law_info
which section specifies the offence of forgery?,section 463 specifies the offence of forgery.,IPC,law_info
what is the content of section 464?,section 464 covers the act of making a false document.,IPC,law_info
which section covers the act of making a false document?,section 464 covers the act of making a false document.,IPC,law_info
what is the punishment for forgery?,the punishment for forgery is detailed in section 465.,IPC,law_info
what is detailed in section 465?,the punishment for forgery is detailed in section 465.,IPC,law_info
what does section 466 cover?,"section 466 covers forgery of record of court or of public register, etc.",IPC,law_info
"what does the forgery of record of court or of public register, etc. fall under?","the forgery of record of court or of public register, etc. falls under section 466.",IPC,law_info
what does section 467 focus on?,"section 467 focuses on forgery of valuable security, will, etc.",IPC,law_info
"which section focuses on the forgery of valuable security, will, etc.?",section 467 focuses on this.,IPC,law_info
what does section 468 detail?,section 468 details forgery for the purpose of cheating.,IPC,law_info
what is the purpose of forgery as detailed in section 468?,the purpose of forgery as detailed in section 468 is for cheating.,IPC,law_info
what does section 469 cover?,section 469 covers forgery for the purpose of harming reputation.,IPC,law_info
what is the purpose of forgery as covered in section 469?,the purpose of forgery as covered in section 469 is to harm reputation.,IPC,law_info
what does section 475 describe?,"it describes the counterfeiting device or mark used for authenticating documents described in section 467, or possessing counterfeit marked material.",IPC,law_info
"what is described by the counterfeiting device or mark used for authenticating documents described in section 467, or possessing counterfeit marked material?",section 475 describes this.,IPC,law_info
what is outlined in section 476?,"section 476 outlines the counterfeiting device or mark used for authenticating documents other than those described in section 467, or possessing counterfeit marked material.",IPC,law_info
"what does a counterfeiting device or mark used for authenticating documents other than those described in section 467, or possessing counterfeit marked material refer to?",it refers to what is outlined in section 476.,IPC,law_info
what does section 477 pertain to?,"section 477 pertains to fraudulent cancellation, destruction, etc., of will, authority to adopt, or valuable security.",IPC,law_info
"what does fraudulent cancellation, destruction, etc., of will, authority to adopt, or valuable security pertain to in legal terms?",it pertains to section 477.,IPC,law_info
what is the crime described in section 477a?,section 477a refers to the falsification of accounts.,IPC,law_info
which section refers to the falsification of accounts?,section 477a refers to the falsification of accounts.,IPC,law_info
what is the offense outlined in section 482?,section 482 outlines the punishment for using a false property mark.,IPC,law_info
which section outlines the punishment for using a false property mark?,section 482 outlines the punishment for using a false property mark.,IPC,law_info
what does section 494 describe?,section 494 describes the offense of marrying again during the lifetime of husband or wife.,IPC,law_info
which section describes the offense of marrying again during the lifetime of husband or wife?,section 494 describes the offense of marrying again during the lifetime of husband or wife.,IPC,law_info
what is the crime mentioned in section 489a?,section 489a mentions the crime of counterfeiting currencynotes or banknotes.,IPC,law_info
which section of law mentions the crime of counterfeiting currencynotes or banknotes?,the crime of counterfeiting currencynotes or banknotes is mentioned in section 489a.,IPC,law_info
what is the offence described in section 489b?,"section 489b describes the offence of using as genuine, forged or counterfeit currencynotes or banknotes.",IPC,law_info
"which section describes the offence of using as genuine, forged or counterfeit currencynotes or banknotes?","section 489b describes the offence of using as genuine, forged or counterfeit currencynotes or banknotes.",IPC,law_info
what does section 491 outline?,section 491 outlines the breach of contract to attend on and supply wants of helpless person.,IPC,law_info
which section outlines the breach of contract to attend on and supply wants of helpless person?,section 491 outlines the breach of contract to attend on and supply wants of helpless person.,IPC,law_info
what is the crime described in section 495?,section 495 describes the same offence with concealment of former marriage from person with whom subsequent marriage is contracted.,IPC,law_info
which legal section describes the offence of concealing a former marriage from a person with whom a subsequent marriage is contracted?,the offence of concealing a former marriage from a person with whom a subsequent marriage is contracted is described in section 495.,IPC,law_info
what is meant by marriage ceremony fraudulently gone through without lawful marriage?,it refers to a situation where a marriage ceremony is deceitfully conducted without a legal marriage taking place.,IPC,law_info
what does a situation where a marriage ceremony is deceitfully conducted without a legal marriage taking place refer to?,it refers to marriage ceremony fraudulently gone through without lawful marriage.,IPC,law_info
what is defined as adultery according to this text?,the text does not provide a specific definition for adultery.,IPC,law_info
does the text provide a specific definition for adultery?,"no, the text does not provide a specific definition for adultery.",IPC,law_info
what does enticing or taking away or detaining with criminal intent a married woman imply?,"it implies the act of luring, kidnapping or unlawfully detaining a married woman with a criminal purpose.",IPC,law_info
"what does the act of luring, kidnapping or unlawfully detaining a married woman with a criminal purpose imply?",it implies enticing or taking away or detaining with criminal intent a married woman.,IPC,law_info
what is meant by the term husband or relative of husband of a woman subjecting her to cruelty?,this refers to a husband or his relatives subjecting a woman to cruel treatment.,IPC,law_info
what does it mean when a husband or his relatives subject a woman to cruel treatment?,it is referred to as husband or relative of husband of a woman subjecting her to cruelty.,IPC,law_info
what is defamation as per this context?,"defamation is not specifically defined in this context, however, it usually refers to the act of damaging the good reputation of someone.",IPC,law_info
what does defamation usually refer to?,defamation usually refers to the act of damaging the good reputation of someone.,IPC,law_info
what is the punishment for defamation?,the text does not provide specific details about the punishment for defamation.,IPC,law_info
does the text provide specific details about the punishment for defamation?,"no, the text does not provide specific details about the punishment for defamation.",IPC,law_info
what is the meaning of criminal intimidation?,criminal intimidation typically refers to the act of threatening another person with the intent to cause alarm or force that person to do or not do an act.,IPC,law_info
what does the act of threatening another person with the intent to cause alarm or force that person to do or not do an act refer to?,this refers to criminal intimidation.,IPC,law_info
what is implied by misconduct in public by a drunken person?,"it implies inappropriate, improper or illegal behavior in a public place by a person who is under the influence of alcohol.",IPC,law_info
"what does inappropriate, improper or illegal behavior in a public place by a person who is under the influence of alcohol imply?",it implies misconduct in public by a drunken person.,IPC,law_info
what is the consequence of attempting to commit offences punishable with imprisonment?,the text does not specify the consequences of attempting to commit offences that are punishable with imprisonment.,IPC,law_info
does the text specify the consequences of attempting to commit offences that are punishable with imprisonment?,"no, the text does not specify the consequences of attempting to commit offences that are punishable with imprisonment.",IPC,law_info
when was the indian penal code enacted?,"6th october, 1860",IPC,law_info
"what law was enacted in india on 6th october, 1860?",the indian penal code,IPC,law_info
what is the full title of the act mentioned in the text?,the indian penal code,IPC,law_info
what is the act referred to in the text that has the full title of the indian penal code?,the act mentioned in the text,IPC,law_info
what is the extent of operation for the indian penal code?,the whole of india except the state of jammu and kashmir,IPC,law_info
which state in india is not covered by the indian penal code?,jammu and kashmir,IPC,law_info
who is liable to punishment under this code?,every person who commits an act or omission contrary to the provisions of the code within india,IPC,law_info
where does a person need to commit an act or omission contrary to the provisions of the code to be liable to punishment under it?,within india,IPC,law_info
are offences committed beyond india punishable under this code?,"yes, if by indian law the person is liable to be tried for the offence.",IPC,law_info
who is liable to be tried for offences committed beyond india under this code?,the person is liable by indian law.,IPC,law_info
does the indian penal code apply to offences committed by any citizen of india in any place without and beyond india?,yes,IPC,law_info
is it true that offences committed by any citizen of india in any place without and beyond india are subject to the indian penal code?,yes,IPC,law_info
can a person on any ship or aircraft registered in india be punished under the indian penal code for offences committed?,yes,IPC,law_info
is it possible for a person on any ship or aircraft registered in india to be punished under the indian penal code for offences committed?,yes,IPC,law_info
"does the indian penal code apply to offences targeting a computer resource located in india, committed by any person in any place without and beyond india?",yes,IPC,law_info
can a person located anywhere commit offences targeting a computer resource in india and be subject to the indian penal code?,yes,IPC,law_info
what does the word offence include in this context?,"every act committed outside india which, if committed in india, would be punishable under this code",IPC,law_info
"which acts committed outside india, if committed in india, would be punishable under this code?",every act that is considered as an offence in this context,IPC,law_info
has the indian penal code been extended to berar?,yes,IPC,law_info
what is the status of the extension of the indian penal code to berar?,it has been extended.,IPC,law_info
"what is the regulation, 1936 referred to in the text?","5 of 1936, s. 3 and the sch",IPC,law_info
"which regulation is denoted by 5 of 1936, s. 3 and the sch?","the regulation, 1936",IPC,law_info
"under which section was it declared for the scheduled districts act, 1874 to be in force?",s. 3 a,IPC,law_info
"under which section is the scheduled districts act, 1874 declared to be in force?",s. 3 a,IPC,law_info
"what districts were declared to be in force under s. 3 a of the scheduled districts act, 1874?","the united provinces tarai districts, the districts of hazaribagh, lohardaga now called the ranchi district and manbhum and pargana dhalbhum and the kolhan in the district of singhbum",IPC,law_info
"under which act were the united provinces tarai districts, the districts of hazaribagh, lohardaga now called the ranchi district and manbhum and pargana dhalbhum and the kolhan in the district of singhbum declared to be in force?","scheduled districts act, 1874",IPC,law_info
to where has the act been extended under s. 5 of the same act?,lushai hills,IPC,law_info
under which section of the act was it extended to lushai hills?,s. 5 of the same act,IPC,law_info
"by what regulation was the act extended to goa, daman and diu?","reg. 12 of 1962, s. 3 and sch",IPC,law_info
"which act was extended to goa, daman and diu by reg. 12 of 1962, s. 3 and sch?",the act,IPC,law_info
"what are the original words that have been successively amended by act 12 of 1891, s. 2 and sch. i, the a.o. 1937, the a.o. 1948 and the a.o. 1950?",the original words are not specified in the text.,IPC,law_info
"are the original words that have been successively amended by act 12 of 1891, s. 2 and sch. i, the a.o. 1937, the a.o. 1948 and the a.o. 1950 specified in the text?","no, the original words are not specified in the text.",IPC,law_info
"what was substituted by act 3 of 1951, s. 3 and the sch., for except part b states?",the exact substitution is not mentioned in the text.,IPC,law_info
"is the exact substitution mentioned in the text for what was substituted by act 3 of 1951, s. 3 and the sch., for except part b states?","no, the exact substitution is not mentioned in the text.",IPC,law_info
"what was the amendment done by act 4 of 1898, s. 2?",substituted for section 4.,IPC,law_info
"what was substituted for section 4 by act 4 of 1898, s. 2?",the amendment done,IPC,law_info
"what was the change made by the a.o. 1950, for cls. 1 to 4?",the specific change is not provided in the text.,IPC,law_info
"is there any specific information given in the text about the change made by the a.o. 1950, for cls. 1 to 4?","no, the specific change is not provided in the text.",IPC,law_info
"what was inserted by act 10 of 2009, s. 51?",the specific insertion is not provided in the text.,IPC,law_info
"is the specific insertion by act 10 of 2009, s. 51 provided in the text?","no, the specific insertion is not provided in the text.",IPC,law_info
"what is the meaning of computer resource according to the information technology act, 2000?","the expression computer resource is assigned a meaning in clause k of subsection 1 of section 2 of the information technology act, 2000.",IPC,law_info
"where is the meaning of computer resource defined in the information technology act, 2000?","the meaning of computer resource is defined in clause k of subsection 1 of section 2 of the information technology act, 2000.",IPC,law_info
"if an indian citizen commits a murder in uganda, where can they be tried and convicted?",an indian citizen who commits a murder in uganda can be tried and convicted of murder in any place in india in which they may be found.,IPC,law_info
"where can an indian citizen, who has committed a murder in uganda, be tried and convicted of murder if they are found in india?",an indian citizen who commits a murder in uganda can be tried and convicted of murder in any place in india where they are found.,IPC,law_info
what laws are not affected by this act?,"this act does not affect the provisions of any act for punishing mutiny and desertion of officers, soldiers, sailors or airmen in the service of the government of india or the provisions of any special or local law.",IPC,law_info
which provisions does this act not affect?,"this act does not affect the provisions of any act for punishing mutiny and desertion of officers, soldiers, sailors or airmen in the service of the government of india or the provisions of any special or local law.",IPC,law_info
how are definitions in the code to be understood?,"every definition of an offence, penal provision, and illustration in this code should be understood subject to the exceptions contained in the chapter entitled general exceptions.",IPC,law_info
"what should be considered when understanding every definition of an offence, penal provision, and illustration in the code?","every definition of an offence, penal provision, and illustration in this code should be understood subject to the exceptions contained in the chapter entitled general exceptions.",IPC,law_info
can a child under seven years of age commit offences according to this code?,"the sections of this code that contain definitions of offences do not express that a child under seven years of age cannot commit such offences, but the definitions are understood subject to the general exception which provides that nothing shall be an offence which is done by a child under seven years of age.",IPC,law_info
what does the code say about a child under seven years of age committing offences and how is it generally interpreted?,"the sections of this code that contain definitions of offences do not express that a child under seven years of age cannot commit such offences, but the definitions are understood subject to the general exception which provides that nothing shall be an offence which is done by a child under seven years of age.",IPC,law_info
is a police officer guilty of wrongful confinement if they apprehend a murder suspect without a warrant?,"a police officer is not guilty of the offence of wrongful confinement for apprehending a murder suspect without a warrant, as the officer is bound by law to do so, falling within the general exception.",IPC,law_info
"if a police officer apprehends a murder suspect without a warrant, does this fall within the general exception of their legal duty, thus not constituting wrongful confinement?","yes, a police officer apprehending a murder suspect without a warrant falls within the general exception of their legal duty, thus it does not constitute wrongful confinement.",IPC,law_info
how is every expression in the code used?,every expression explained in any part of this code is used in every part of the code in conformity with the explanation.,IPC,law_info
"is every expression from any part of the code used in all parts of the code, conforming with the given explanation?","yes, every expression explained in any part of this code is used in every part of the code in conformity with the explanation.",IPC,law_info
what does the pronoun he imply?,"the pronoun he and its derivatives are used of any person, whether male or female.",IPC,law_info
who can the pronoun he and its derivatives be used for?,"the pronoun he and its derivatives can be used for any person, whether male or female.",IPC,law_info
how are singular and plural words interpreted?,"words importing the singular number include the plural number, and words importing the plural number include the singular number unless the contrary appears from the context.",IPC,law_info
what does it mean when words import the singular number and the plural number?,"words importing the singular number include the plural number, and words importing the plural number include the singular number unless the contrary appears from the context.",IPC,law_info
what do the words man and woman denote?,the word man denotes a male human being of any age the word woman denotes a female human being of any age.,IPC,law_info
what does a male human being of any age and a female human being of any age denote in english?,a male human being of any age is denoted as man and a female human being of any age is denoted as woman in english.,IPC,law_info
what does the word person include?,"the word person includes any company or association or body of persons, whether incorporated or not.",IPC,law_info
"does the term person also refer to any company, association, or body of persons, whether incorporated or not?","yes, the term person includes any company or association or body of persons, whether incorporated or not.",IPC,law_info
what does the word public include?,the word public includes any class of the public or any community.,IPC,law_info
what does any class of the public or any community represent in a word?,any class of the public or any community represents the word public.,IPC,law_info
what do the words servant of government denote?,"the words servant of government denote any officer or servant servant continued, appointed or employed in india by or under the authority of government.",IPC,law_info
who is considered a servant of government in india?,"any officer or servant continued, appointed or employed in india by or under the authority of government is considered a servant of government.",IPC,law_info
what does the word government denote?,the word government denotes the central government or the government of a state.,IPC,law_info
which entities can the word government refer to?,the word government can refer to the central government or the government of a state.,IPC,law_info
what does india mean in this context?,india means the territory of india excluding the state of jammu and kashmir.,IPC,law_info
what is meant by india when it excludes the state of jammu and kashmir?,india in this context means the territory of india excluding the state of jammu and kashmir.,IPC,law_info
what does the word judge denote?,"the word judge denotes not only every person who is officially designated as a judge, but also every person who is empowered by law to give, in any legal proceeding, civil or criminal, a definitive judgment, or a judgment which, if not appealed against, would be definitive, or a judgment which, if confirmed by some other authority, would be definitive.",IPC,law_info
who is considered as a judge according to law?,"the word judge denotes not only every person who is officially designated as a judge, but also every person who is empowered by law to give, in any legal proceeding, civil or criminal, a definitive judgment, or a judgment which, if not appealed against, would be definitive, or a judgment which, if confirmed by some other authority, would be definitive.",IPC,law_info
what is the definition of a judge?,"a judge is one who gives a judgment which, if not appealed against, would be definitive, or a judgment which, if confirmed by some other authority, would be definitive. this person is one of a body or persons, which body of persons is empowered by law to give such a judgment.",IPC,law_info
"who is a person that gives a judgment which, if not appealed against, would be definitive, or a judgment which, if confirmed by some other authority, would be definitive, and is part of a body of persons empowered by law to give such a judgment?",a judge,IPC,law_info
who is considered a judge according to the illustrations provided?,"a collector exercising jurisdiction in a suit under act 10 of 1859, a magistrate exercising jurisdiction in respect of a charge on which he has power to sentence to fine or imprisonment, and a member of a panchayat which has power, under regulation vii, 1816, of the madras code, to try and determine suits are considered as judges.",IPC,law_info
"who is a collector exercising jurisdiction in a suit under act 10 of 1859, a magistrate exercising jurisdiction in respect of a charge on which he has power to sentence to fine or imprisonment, and a member of a panchayat which has power, under regulation vii, 1816, of the madras code, to try and determine suits?",they are considered as judges.,IPC,law_info
what is the definition of a court of justice?,"a court of justice denotes a judge who is empowered by law to act judicially alone, or a body of judges which is empowered by law to act judicially as a body, when such judge or body of judges is acting judicially.",IPC,law_info
"what does it mean when a judge or a body of judges is empowered by law to act judicially alone or as a body, and is acting judicially?",it means they are functioning as a court of justice,IPC,law_info
what is an example of a court of justice according to the illustration provided?,"a panchayat acting under regulation vii, 1816, of the madras code, having power to try and determine suits, is a court of justice.",IPC,law_info
"what is the role of a panchayat acting under regulation vii, 1816, of the madras code in the context of a court of justice?","a panchayat acting under regulation vii, 1816, of the madras code serves as a court of justice, having power to try and determine suits.",IPC,law_info
what is the definition of a public servant?,"a public servant denotes a person falling under any of the descriptions hereinafter following, namely every commissioned officer in the military, naval or air forces of india every judge including any person empowered by law to discharge, whether by himself or as a member of any body of persons, any adjudicatory functions every officer of a court of justice whose duty it is, as such officer, to investigate or report on any matter of law or fact, or to make, authenticate, or keep any document, or to take charge or dispose of any property, or to execute any judicial process, or to administer any oath, or to interpret, or to preserve order in the court, and every person specially.",IPC,law_info
who falls under the category of a public servant in india?,"a public servant denotes a person falling under any of the descriptions hereinafter following, namely every commissioned officer in the military, naval or air forces of india every judge including any person empowered by law to discharge, whether by himself or as a member of any body of persons, any adjudicatory functions every officer of a court of justice whose duty it is, as such officer, to investigate or report on any matter of law or fact, or to make, authenticate, or keep any document, or to take charge or dispose of any property, or to execute any judicial process, or to administer any oath, or to interpret, or to preserve order in the court, and every person specially.",IPC,law_info
who is authorised by a court of justice to perform duties?,"every juryman, assessor, or member of a panchayat assisting a court of justice or public servant.",IPC,law_info
"who does the juryman, assessor, or member of a panchayat assisting a court of justice or public servant represent?",they are authorised by a court of justice to perform duties.,IPC,law_info
who can refer a cause or matter for decision or report?,"every arbitrator or other person to whom any cause or matter has been referred by any court of justice, or by any other competent public authority.",IPC,law_info
who is referred any cause or matter by any court of justice or any other competent public authority?,every arbitrator or other person can be referred a cause or matter for decision or report.,IPC,law_info
who is empowered to place or keep any person in confinement?,every person who holds any office by virtue of which he is empowered to place or keep any person in confinement.,IPC,law_info
who is every person who holds any office by virtue of which he is empowered to place or keep any person in confinement?,every person who is empowered to place or keep any person in confinement.,IPC,law_info
"who is responsible to prevent offences, give information of offences, bring offenders to justice, or protect the public health, safety or convenience?","every officer of the government whose duty it is, as such officer.",IPC,law_info
"who has the duty to prevent offences, give information of offences, bring offenders to justice, or protect the public health, safety or convenience as part of their role?",every officer of the government,IPC,law_info
"who is responsible for managing property, making surveys, assessments or contracts, executing revenueprocess, investigating, or reporting on any matter affecting the pecuniary interests of the government?","every officer whose duty it is as such officer, to take, receive, keep or expend any property on behalf of the government, or to make any survey, assessment or contract on behalf of the government, or to execute any revenueprocess, or to investigate, or to report, on any matter affecting the pecuniary interests of the government.",IPC,law_info
"what are the duties of an officer who is responsible for managing property, making surveys, assessments or contracts, executing revenueprocess, investigating, or reporting on any matter affecting the pecuniary interests of the government?","their duties are to take, receive, keep or expend any property on behalf of the government, or to make any survey, assessment or contract on behalf of the government, or to execute any revenueprocess, or to investigate, or to report, on any matter affecting the pecuniary interests of the government.",IPC,law_info
"what is the duty of an officer in a village, town or district according to the text?","their duty is to take, receive, keep or expend any property, to make any survey or assessment or to levy any rate or tax for any secular common purpose. they are also responsible for making, authenticating or keeping any document for the ascertaining of the rights of the people.",IPC,law_info
"what responsibilities does a village, town, or district officer have regarding property, surveys, assessments, rates, taxes, and documents according to the text?","an officer in a village, town or district has the duty to take, receive, keep or expend any property, to make any survey or assessment or to levy any rate or tax for any secular common purpose. they are also in charge of making, authenticating or keeping any document for the ascertaining of the rights of the people.",IPC,law_info
who is considered a public servant according to eleventh and twelfth points?,"every person who holds any office in virtue of which he is empowered to prepare, publish, maintain or revise an electoral roll or to conduct an election or part of an election, and every person in the service or pay of the government or a local authority, a corporation established by or under a central, provincial or state act or a government company.",IPC,law_info
what responsibilities and affiliations does a person need to have to be considered a public servant under the eleventh and twelfth points?,"a person must hold any office that empowers them to prepare, publish, maintain or revise an electoral roll or to conduct an election or part of an election. they can also be in the service or pay of the government or a local authority, a corporation established by or under a central, provincial or state act or a government company.",IPC,law_info
who is considered a public servant according to the explanation given?,"persons falling under any of the above descriptions are public servants, whether appointed by the government or not. also, wherever the words public servant occur, they shall be understood of every person who is in actual possession of the situation of a public servant, whatever legal defect there may be in his right to hold that situation.",IPC,law_info
"who does the term public servant refer to, regardless of their official appointment by the government?","the term public servant refers to persons falling under any given description, whether appointed by the government or not. it also includes every person who is in actual possession of the situation of a public servant, whatever legal defect there may be in his right to hold that situation.",IPC,law_info
what does the term election mean according to the text?,"election denotes an election for the purpose of selecting members of any legislative, municipal or other public authority, of whatever character, the method of selection to which is by, or under, any law prescribed as by election.",IPC,law_info
"what is the method of selection for members of any legislative, municipal or other public authority, of whatever character, as prescribed by law?",the method of selection is by election.,IPC,law_info
what is the definition of movable property in the text?,"movable property includes corporeal property of every description, except land and things attached to the earth or permanently fastened to anything which is attached to the earth.",IPC,law_info
"what does corporeal property of every description, except land and things attached to the earth or permanently fastened to anything which is attached to the earth, refer to in the text?",it refers to movable property.,IPC,law_info
how is wrongful gain defined in the text?,wrongful gain is gain by unlawful means of property to which the person gaining is not legally entitled.,IPC,law_info
what does it mean when a person gains by unlawful means of property to which they are not legally entitled?,it is defined as wrongful gain.,IPC,law_info
what is wrongful loss?,wrongful loss is the loss by unlawful means of property to which the person losing it is legally entitled.,IPC,law_info
what does it mean when a person loses property by unlawful means to which they are legally entitled?,it means they have experienced wrongful loss.,IPC,law_info
what does gaining wrongfully and losing wrongfully mean?,"a person is said to gain wrongfully when such person retains wrongfully, as well as when such person acquires wrongfully. a person is said to lose wrongfully when such person is wrongfully kept out of any property, as well as when such person is wrongfully deprived of property.",IPC,law_info
"what is the definition of retaining and acquiring wrongfully, as well as being wrongfully kept out of any property and being wrongfully deprived of property?",retaining and acquiring wrongfully are referred to as gaining wrongfully. being wrongfully kept out of any property and being wrongfully deprived of property constitute losing wrongfully.,IPC,law_info
what does dishonestly mean?,"whoever does anything with the intention of causing wrongful gain to one person or wrongful loss to another person, is said to do that thing dishonestly.",IPC,law_info
what is the term for doing something with the intention of causing wrongful gain to one person or wrongful loss to another person?,the term is dishonestly.,IPC,law_info
what does fraudulently mean?,a person is said to do a thing fraudulently if he does that thing with intent to defraud but not otherwise.,IPC,law_info
when is a person said to do a thing fraudulently?,a person is said to do a thing fraudulently if he does that thing with intent to defraud but not otherwise.,IPC,law_info
what does reason to believe mean?,"a person is said to have reason to believe a thing, if he has sufficient cause to believe that thing but not otherwise.",IPC,law_info
when can a person be said to have reason to believe something?,"a person is said to have reason to believe a thing, if he has sufficient cause to believe that thing but not otherwise.",IPC,law_info
"what does property in possession of wife, clerk or servant mean?","when property is in the possession of a persons wife, clerk or servant, on account of that person, it is in that persons possession within the meaning of this code.",IPC,law_info
"who is considered to be in possession of a property within the meaning of this code, if the property is in their possession on account of another person?","a persons wife, clerk or servant are considered to be in possession of a property within the meaning of this code, if the property is in their possession on account of that person.",IPC,law_info
what does counterfeit mean?,"a person is said to counterfeit who causes one thing to resemble another thing, intending by means of that resemblance to practise deception, or knowing it to be likely that deception will thereby be practised.",IPC,law_info
who is said to be counterfeiting and what is their intention?,"a person who causes one thing to resemble another thing, intending by means of that resemblance to practise deception, or knowing it to be likely that deception will thereby be practised, is said to be counterfeiting.",IPC,law_info
what does the term document denote?,"the term document denotes any matter expressed or described upon any substance by means of letters, figures or marks, or by more than one of those means, intended to be used, or which may be used, as evidence of that matter.",IPC,law_info
"what does it mean if any matter expressed or described upon any substance by means of letters, figures or marks, or by more than one of those means, intended to be used, or which may be used, as evidence of that matter?",it denotes the term document,IPC,law_info
"is it important what means or substance the letters, figures or marks are formed for a document?","no, it is immaterial by what means or upon what substance the letters, figures or marks are formed.",IPC,law_info
"is it immaterial by what means or upon what substance the letters, figures or marks are formed for a document?","yes, it is not important what means or substance the letters, figures or marks are formed.",IPC,law_info
are documents limited to use in a court of justice?,"no, it is immaterial whether the evidence is intended for, or may be used in, a court of justice, or not.",IPC,law_info
is the use of documents as evidence restricted to the court of justice?,"no, documents can be used as evidence regardless of whether they are intended for the court of justice or not.",IPC,law_info
what are some examples of a document?,"examples of a document include a writing expressing the terms of a contract, a cheque upon a banker, a powerofattorney, a map or plan which is intended to be used as evidence, and a writing containing directions or instructions.",IPC,law_info
"what can be considered as a document such as a writing expressing the terms of a contract, a cheque upon a banker, a powerofattorney, a map or plan intended to be used as evidence, or a writing containing directions or instructions?",these are all examples of a document.,IPC,law_info
what does electronic record mean?,"the term electronic record shall have the meaning assigned to them in clause t of subsection 1 of section 2 of the information technology act, 2000 21 of 2000.",IPC,law_info
where is the term electronic record defined?,"the term electronic record is defined in clause t of subsection 1 of section 2 of the information technology act, 2000 21 of 2000.",IPC,law_info
what do the words valuable security denote?,the words valuable security denote a document.,IPC,law_info
what does a document denote in terms of security?,"in terms of security, a document denotes valuable security.",IPC,law_info
"if a person causes one thing to resemble another with the possibility of deception, what is the presumption?","it shall be presumed, until the contrary is proved, that the person so causing the one thing to resemble the other thing intended by means of that resemblance to practise deception or knew it to be likely that deception would thereby be practised.",IPC,law_info
what is the presumption when a person who has caused one thing to resemble another is accused of intending to practise deception or knew it was likely that deception would be practised?,"the presumption is, until the contrary is proved, that the person so causing the one thing to resemble the other thing intended by means of that resemblance to practise deception or knew it to be likely that deception would thereby be practised.",IPC,law_info
what does the term valuable security refer to?,"a document whereby any legal right is created, extended, transferred, restricted, extinguished or released, or whereby any person acknowledges that he lies under legal liability, or has not a certain legal right.",IPC,law_info
"what is the term for a document whereby any legal right is created, extended, transferred, restricted, extinguished or released, or whereby any person acknowledges that he lies under legal liability, or has not a certain legal right?",valuable security,IPC,law_info
what is an example of a valuable security?,"a writes his name on the back of a bill of exchange. as the effect of this endorsement is to transfer the right to the bill to any person who may become the unlawful holder of it, the endorsement is a valuable security.",IPC,law_info
what does writing ones name on the back of a bill of exchange represent and why is it considered a valuable security?,"writing ones name on the back of a bill of exchange is an endorsement. the effect of this endorsement is to transfer the right to the bill to any person who may become the unlawful holder of it, hence it is considered a valuable security.",IPC,law_info
what does a will denote?,any testamentary document.,IPC,law_info
what is a testamentary document also known as?,a will,IPC,law_info
what do words referring to acts include in the context of this code?,"illegal omissions, except where a contrary intention appears from the context.",IPC,law_info
"what does the code refer to as illegal omissions, except where a contrary intention appears from the context?",words referring to acts,IPC,law_info
what does the word act denote in this code?,the word act denotes as well as series of acts as a single act.,IPC,law_info
"what does the term act represent in the context of coding, if it can refer to both a series of acts and a single act?","in this particular code, the word act denotes as well as series of acts as a single act.",IPC,law_info
what does the word omission denote in this code?,the word omission denotes as well a series of omissions as a single omission.,IPC,law_info
what does the term omission refer to in the context of this code?,the term omission refers to both a series of omissions and a single omission.,IPC,law_info
when is a criminal act done by several persons in furtherance of common intention?,"when a criminal act is done by several persons with the common intention of all, each of such persons is liable for that act in the same manner as if it were done by him alone.",IPC,law_info
who is liable for a criminal act done by several persons with the common intention of all?,each of such persons is liable for that act in the same manner as if it were done by him alone.,IPC,law_info
when is an act criminal by reason of its being done with a criminal knowledge or intention?,"whenever an act, which is criminal only by reason of its being done with a criminal knowledge or intention, is done by several persons, each of such persons who joins in the act with such knowledge or intention is liable for the act in the same manner as if the act were done by him alone with that knowledge or intention.",IPC,law_info
"what happens when an act, which is criminal only by reason of its being done with a criminal knowledge or intention, is done by several persons?",each of such persons who joins in the act with such knowledge or intention is liable for the act in the same manner as if the act were done by him alone with that knowledge or intention.,IPC,law_info
what does the code say about the effects caused partly by act and partly by omission?,"wherever the causing of a certain effect, or an attempt to cause that effect, by an act or by an omission, is an offence, it is to be understood that the causing of that effect partly by an act and partly by an omission is also an offence.",IPC,law_info
what does the code imply if a certain effect is caused partly by an act and partly by an omission?,"the code implies that wherever the causing of a certain effect, or an attempt to cause that effect, by an act or by an omission, is an offence, then causing that effect partly by an act and partly by an omission is also considered an offence.",IPC,law_info
what is the offence committed when a intentionally causes zs death by omitting to give him food and also beating him?,murder,IPC,law_info
what crime is being committed if a intentionally causes zs death by depriving him of food and physically assaulting him?,murder,IPC,law_info
what offence is committed when someone intentionally cooperates in the commission of an offence by doing any one of multiple acts that constitute the offence?,the same offence,IPC,law_info
"if a person intentionally cooperates in the commission of an offence by doing any one of multiple acts that constitute the offence, what offence would they be committing?",the same offence,IPC,law_info
"who are guilty of murder in the illustration where a and b agree to murder z by administering small doses of poison, which ultimately leads to zs death?",a and b,IPC,law_info
"in the illustration where small doses of poison are administered leading to zs death, who agreed to commit this murder?",a and b,IPC,law_info
"in the example where a and b, as joint jailors, intentionally and alternately omit to furnish z with food, causing z to die of hunger, who are guilty of murder?",both a and b,IPC,law_info
"who are the joint jailors guilty of murder in the case where they intentionally and alternately omit to furnish z with food, causing z to die of hunger?",both a and b,IPC,law_info
"in the situation where a, a jailor, omits to supply z with food intending to cause his death, but z does not die until b, who succeeded a without collusion or cooperation, also omits to supply food, who is guilty of murder and who is guilty of an attempt to commit murder?",b is guilty of murder and a is guilty of an attempt to commit murder,IPC,law_info
"in a scenario where a attempts to kill z by not providing food, and b, who took over from a without any collusion, also denies food leading to zs death, who is guilty of murder and who is guilty of trying to commit murder?",b is guilty of murder and a is guilty of an attempt to commit murder,IPC,law_info
can persons engaged in a criminal act be guilty of different offences?,yes,IPC,law_info
is it possible for individuals involved in a criminal act to be guilty of various crimes?,yes,IPC,law_info
what does it mean for a person to cause an effect voluntarily?,"a person is said to cause an effect voluntarily when he causes it by means whereby he intended to cause it, or by means which, at the time of employing those means, he knew or had reason to believe to be likely to cause it.",IPC,law_info
when can we say that a person has caused an effect voluntarily?,"we can say that a person has caused an effect voluntarily when he causes it by means whereby he intended to cause it, or by means which, at the time of employing those means, he knew or had reason to believe to be likely to cause it.",IPC,law_info
"if a attacks z under grave provocation and b assists a, who is guilty of murder?",b is guilty of murder.,IPC,law_info
"in a scenario where a attacks z under grave provocation and someone assists a, who is guilty of murder?",b is guilty of murder.,IPC,law_info
who is guilty of culpable homicide in the case where a attacks z under grave provocation and b assists a?,a is guilty of culpable homicide.,IPC,law_info
"in the case where someone attacks z under grave provocation and b assists this person, who is considered guilty of culpable homicide?",a,IPC,law_info
what is the definition of offence according to this code?,"offence denotes a thing made punishable by this code, or under any special or local law as hereinafter defined.",IPC,law_info
what does offence denote according to this code?,"offence denotes a thing made punishable by this code, or under any special or local law as hereinafter defined.",IPC,law_info
"in what sections does the word offence denote a thing punishable under this code, or under any special or local law?","in sections 464, 65, 66, 567, 71, 109, 110, 112, 114, 115, 116, 117,6118, 119 and 120 187, 194, 195, 203, 211, 213, 214, 221, 222, 223, 224, 225, 327, 328, 329, 330, 331, 347, 348, 388, 389 and 445.",IPC,law_info
"what does the word offence denote in sections 464, 65, 66, 567, 71, 109, 110, 112, 114, 115, 116, 117,6118, 119 and 120 187, 194, 195, 203, 211, 213, 214, 221, 222, 223, 224, 225, 327, 328, 329, 330, 331, 347, 348, 388, 389 and 445 under this code, or under any special or local law?","in these sections, the word offence denotes a thing punishable.",IPC,law_info
what is a special law?,a special law is a law applicable to a particular subject.,IPC,law_info
what is a law applicable to a particular subject called?,a law applicable to a particular subject is called a special law.,IPC,law_info
what is a local law?,a local law is a law applicable only to a particular part of india.,IPC,law_info
which law is applicable only to a particular part of india?,a local law is applicable only to a particular part of india.,IPC,law_info
what is the definition of illegal and legally bound to do?,"illegal is applicable to everything which is an offence or which is prohibited by law, or which furnishes ground for a civil action and a person is said to be legally bound to do whatever it is illegal in him to omit.",IPC,law_info
"what does it mean if something is an offence, prohibited by law, or furnishes ground for a civil action, and what does it mean if it is illegal for a person to omit something?","if something is an offence, prohibited by law, or furnishes ground for a civil action, it is considered illegal. if it is illegal for a person to omit something, that person is said to be legally bound to do it.",IPC,law_info
how is injury defined?,"injury denotes any harm whatever illegally caused to any person, in body, mind, reputation or property.",IPC,law_info
what does injury denote?,"injury denotes any harm whatever illegally caused to any person, in body, mind, reputation or property.",IPC,law_info
what does the word life denote?,"the word life denotes the life of a human being, unless the contrary appears from the context.",IPC,law_info
what does the term life refer to unless the context suggests otherwise?,"unless the contrary appears from the context, the term life refers to the life of a human being.",IPC,law_info
what does the word death denote?,the word death denotes the death of a human being unless the contrary appears from the context.,IPC,law_info
"what does the word death typically refer to, unless specified otherwise?",the word death typically refers to the death of a human being unless specified otherwise.,IPC,law_info
what does the word animal denote?,"the word animal denotes any living creature, other than a human being.",IPC,law_info
"what is denoted by the term that refers to any living creature, other than a human being?","the term animal is denoted by any living creature, other than a human being.",IPC,law_info
what does the word vessel denote?,the word vessel denotes anything made for the conveyance by water of human beings or of property.,IPC,law_info
what is a term for anything made for the conveyance by water of human beings or of property?,the term for anything made for the conveyance by water of human beings or of property is vessel.,IPC,law_info
how are the words year and month to be understood?,"wherever the word year or the word month is used, it is to be understood that the year or the month is to be reckoned according to the british calendar.",IPC,law_info
according to which calendar should the words year and month be reckoned?,the words year and month should be reckoned according to the british calendar.,IPC,law_info
what does the word section denote?,the word section denotes one of those portions of a chapter of this code which are distinguished by prefixed numeral figures.,IPC,law_info
what are the portions of a chapter of this code distinguished by prefixed numeral figures called?,the portions of a chapter of this code distinguished by prefixed numeral figures are called a section.,IPC,law_info
what is included in the word oath?,"the word oath includes a solemn affirmation substituted by law for an oath, and any declaration required or authorised by law to be made before a public servant or to be used for the purpose of proof, whether in a court of justice or not.",IPC,law_info
"what does a solemn affirmation substituted by law for an oath, and any declaration required or authorised by law to be made before a public servant or to be used for the purpose of proof, whether in a court of justice or not, refer to?",these refer to what is included in the word oath.,IPC,law_info
what is meant by good faith?,nothing is said to be done or believed in good faith which is done or believed without due care and attention.,IPC,law_info
what is the condition under which something is done or believed in good faith?,something is done or believed in good faith when it is done or believed with due care and attention.,IPC,law_info
what does the word harbour include according to section 52a?,"the word harbour includes the supplying a person with shelter, food, drink, money, clothes, arms, ammunition or means of conveyance, or the assisting a person by any means, to evade apprehension.",IPC,law_info
"what does supplying a person with shelter, food, drink, money, clothes, arms, ammunition or means of conveyance, or the assisting a person by any means, to evade apprehension refer to in section 52a?",this refers to the term harbour.,IPC,law_info
what punishments are offenders liable to under the provisions of the code according to section 53?,"the punishments are death, imprisonment for life, imprisonment either rigorous or simple, forfeiture of property, and fine.",IPC,law_info
"under section 53 of the code, what are the five types of punishments that offenders can be liable to?","the five types of punishments that offenders can be liable to are death, imprisonment for life, imprisonment either rigorous or simple, forfeiture of property, and fine.",IPC,law_info
what is the construction of reference to transportation for life according to section 53a?,any reference to transportation for life in any other law for the time being in force or in any instrument or order having effect by virtue of any such law or of any enactment repealed shall be construed as a reference to imprisonment for life.,IPC,law_info
what does the term transportation for life refer to in any other law for the time being in force or in any instrument or order having effect by virtue of any such law or of any enactment repealed?,the term transportation for life is to be construed as a reference to imprisonment for life according to section 53a.,IPC,law_info
what happens to a sentence of transportation for a term that has been passed before the commencement of the code of criminal procedure amendment act?,the offender shall be dealt with in the same manner as if sentenced to rigorous imprisonment for the same term.,IPC,law_info
how will an offender be dealt with if their sentence of transportation for a term was passed before the commencement of the code of criminal procedure amendment act?,the offender shall be dealt with in the same manner as if sentenced to rigorous imprisonment for the same term.,IPC,law_info
how is any reference to transportation for a term or to transportation for any shorter term dealt with in any other law for the time being in force?,it shall be deemed to have been omitted.,IPC,law_info
what is the legal status of any reference to transportation for a term or to transportation for any shorter term in any other law in force?,it shall be deemed to have been omitted.,IPC,law_info
what does the term appropriate government refer to in sections fiftyfour and fiftyfive?,the term appropriate government refers to the central government in cases where the sentence is a sentence of death or is for an offence against any law relating to a matter to which the executive power of the union extends.,IPC,law_info
in which cases does the appropriate government refer to the central government according to sections fiftyfour and fiftyfive?,the appropriate government refers to the central government in cases where the sentence is a sentence of death or is for an offence against any law relating to a matter to which the executive power of the union extends.,IPC,law_info
what can the appropriate government do in cases where the sentence of death has been passed?,"in cases where the sentence of death has been passed, the appropriate government may, without the consent of the offender, commute the punishment for any other punishment provided by this code.",IPC,law_info
"can the appropriate government commute the punishment for any other punishment provided by this code without the consent of the offender, if the sentence of death has been passed?","yes, in cases where the sentence of death has been passed, the appropriate government may commute the punishment for any other punishment provided by this code without the consent of the offender.",IPC,law_info
what can the appropriate government do in cases where the sentence of life imprisonment has been passed?,"in cases where the sentence of life imprisonment has been passed, the appropriate government may, without the consent of the offender, commute the punishment for imprisonment of either description for a term not exceeding fourteen years.",IPC,law_info
what action can the appropriate government take without the consent of the offender when a sentence of life imprisonment has been passed?,the appropriate government may commute the punishment for imprisonment of either description for a term not exceeding fourteen years.,IPC,law_info
what is the equivalent of life imprisonment in terms of years?,life imprisonment is reckoned as equivalent to imprisonment for twenty years.,IPC,law_info
what is imprisonment for twenty years equivalent to?,imprisonment for twenty years is equivalent to life imprisonment.,IPC,law_info
what can a court decide in cases where an offender can be punished with either rigorous or simple imprisonment?,"it shall be competent to the court which sentences such offender to direct in the sentence that such imprisonment shall be wholly rigorous, or that such imprisonment shall be wholly simple, or that any part of such imprisonment shall be rigorous and the rest simple.",IPC,law_info
what are the options for a court when sentencing an offender to either rigorous or simple imprisonment?,"the court has the option to direct in the sentence that such imprisonment shall be wholly rigorous, or that such imprisonment shall be wholly simple, or that any part of such imprisonment shall be rigorous and the rest simple.",IPC,law_info
what is the amount of fine an offender can be liable to if no sum is expressed?,"the amount of fine to which the offender is liable is unlimited, but shall not be excessive.",IPC,law_info
what is the limit on the amount of fine an offender can be liable to if no sum is expressed?,"the amount of fine to which the offender is liable is unlimited, but shall not be excessive.",IPC,law_info
who has the power to execute the sentence in cases where the offence is against any law relating to a matter to which the executive power of the state extends?,the government of the state within which the offender is sentenced.,IPC,law_info
"which entity is responsible for executing the sentence in case of an offence against any law related to a matter under the scope of the states executive power, if the offender is sentenced within that state?",the government of the state,IPC,law_info
"what happens in cases of an offence punishable with imprisonment as well as fine, in which the offender is sentenced to a fine?",the sentence of imprisonment can be given for nonpayment of the fine.,IPC,law_info
"what can happen if a fine, assigned as punishment for an offence that is punishable with both imprisonment and fine, is not paid?",the sentence of imprisonment can be given for nonpayment of the fine.,IPC,law_info
what can the court direct if an offender does not pay a fine?,"the court can direct by the sentence that, in default of payment of the fine, the offender shall suffer imprisonment for a certain term.",IPC,law_info
what can the sentence direct if a fine is not paid by an offender?,"the sentence can direct that, in default of payment of the fine, the offender shall suffer imprisonment for a certain term.",IPC,law_info
what is the limit to imprisonment for nonpayment of fine when both imprisonment and fine are awardable?,the term for which the court directs the offender to be imprisoned in default of payment of a fine shall not exceed onefourth of the term of imprisonment which is the maximum fixed for the offence.,IPC,law_info
"what is the maximum term of imprisonment the court can direct an offender to serve in default of payment of a fine, relative to the maximum fixed term of imprisonment for the offence?",the term for which the court directs the offender to be imprisoned in default of payment of a fine shall not exceed onefourth of the term of imprisonment which is the maximum fixed for the offence.,IPC,law_info
what type of imprisonment can the court impose in default of payment of a fine?,the imprisonment which the court imposes in default of payment of a fine may be of any description to which the offender might have been sentenced for the offence.,IPC,law_info
what type of imprisonment may a court impose on an offender if they fail to pay a fine for an offence?,the imprisonment which the court imposes in default of payment of a fine may be of any description to which the offender might have been sentenced for the offence.,IPC,law_info
what happens if the offence is punishable with fine only?,"if the offence is punishable with fine only, the imprisonment which the court imposes in default of payment of the fine shall be simple. the term for which the court directs the offender to be imprisoned, in default of payment of fine, shall not exceed two months when the fine is not more than fifty rupees, four months when the fine is not more than one hundred rupees.",IPC,law_info
what is the maximum term of imprisonment in default of payment of a fine not more than fifty rupees or one hundred rupees?,"the term for which the court directs the offender to be imprisoned, in default of payment of fine, shall not exceed two months when the fine is not more than fifty rupees, four months when the fine is not more than one hundred rupees.",IPC,law_info
what happens to the imprisonment imposed in default of payment of a fine?,the imprisonment which is imposed in default of payment of a fine shall terminate whenever that fine is either paid or levied by process of law.,IPC,law_info
when does the imprisonment imposed in default of payment of a fine terminate?,the imprisonment which is imposed in default of payment of a fine terminates whenever that fine is either paid or levied by process of law.,IPC,law_info
what is the regulation about termination of imprisonment on payment of proportional part of fine?,"if, before the expiration of the term of imprisonment fixed in default of payment, such a proportion of the fine be paid or levied that the term of imprisonment suffered in default of payment is not less than proportional to the part of the fine still unpaid, the imprisonment shall terminate.",IPC,law_info
"what happens if a proportion of the fine is paid or levied before the expiration of the term of imprisonment fixed in default of payment, such that the term of imprisonment suffered in default of payment is not less than proportional to the part of the fine still unpaid?",the imprisonment shall terminate.,IPC,law_info
what is the case when a fine is not fully paid after the sentence?,"the fine, or any part thereof which remains unpaid, may be levied at any time within six years after the passing of the sentence, and if, under the sentence, the offender be liable to imprisonment for a longer period than six years, then at any time previous to the expiration of that period.",IPC,law_info
"what happens if a fine remains unpaid after the passing of the sentence, and for how long can it be levied?","the fine, or any part thereof which remains unpaid, may be levied at any time within six years after the passing of the sentence, and if, under the sentence, the offender be liable to imprisonment for a longer period than six years, then at any time previous to the expiration of that period.",IPC,law_info
what happens to the liability of the fine after the death of the offender?,"the death of the offender does not discharge from the liability any property which would, after his death, be legally liable for his debts.",IPC,law_info
does the death of an offender discharge any property that would be legally liable for his debts from the liability of the fine?,"no, the death of the offender does not discharge from the liability any property which would, after his death, be legally liable for his debts.",IPC,law_info
what happens if parts of an offence are themselves offences?,"the offender shall not be punished with the punishment of more than one of such his offences, unless it is expressly provided.",IPC,law_info
what is the punishment for an offender if parts of the offence they committed are themselves offences?,"the offender shall not be punished with the punishment of more than one of such his offences, unless it is expressly provided.",IPC,law_info
what is the punishment for an offender who falls under two or more separate definitions of any law in force?,the offender shall not be punished with a more severe punishment than the court which tries him could award for any one of such offences.,IPC,law_info
what happens if an offender is found guilty of two or more separate offences under any law in force? how severe can their punishment be?,the offender shall not be punished with a more severe punishment than the court which tries him could award for any one of such offences.,IPC,law_info
what is the example given to illustrate the above law?,"a gives z fifty strokes with a stick. he may have committed the offence of voluntarily causing hurt to z by the whole beating, and also by each of the blows which make up the whole beating. if a were liable to punishment for every blow, he might be imprisoned for fifty years, one for each blow. but he is liable only to one punishment for the whole beating.",IPC,law_info
"what might be the consequence if a person a were to give z fifty strokes with a stick, and could we consider each blow as a separate offence?","a might have committed the offence of voluntarily causing hurt to z by the whole beating, and theoretically also by each of the blows which make up the whole beating. however, if a were liable to punishment for every blow, he might be imprisoned for fifty years, one for each blow. but in reality, he is liable only to one punishment for the whole beating.",IPC,law_info
what is the punishment for a person guilty of one of several offences?,the offender shall be punished for the offence for which the lowest punishment is provided if the same punishment is not provided for all.,IPC,law_info
how is an offender punished if they are guilty of several offences and the punishments are not the same for all offences?,the offender shall be punished for the offence for which the lowest punishment is provided.,IPC,law_info
what does the solitary confinement law state?,"whenever any person is convicted of an offence for which under this code the court has power to sentence him to rigorous imprisonment, the court may, by its sentence, also direct that the offender shall be kept in solitary confinement.",IPC,law_info
under what conditions can a court direct that an offender be kept in solitary confinement according to the law?,whenever any person is convicted of an offence for which under this code the court has power to sentence him to rigorous imprisonment.,IPC,law_info
what is the maximum duration an offender can be kept in solitary confinement according to the sentence?,three months,IPC,law_info
"what is the duration of solitary confinement sentence an offender can receive, if the maximum is three months?",three months,IPC,law_info
what is the maximum duration of solitary confinement if the term of imprisonment does not exceed six months?,one month,IPC,law_info
"if the maximum duration of solitary confinement is one month, what is the maximum term of imprisonment it could be part of?",six months,IPC,law_info
what is the maximum duration of solitary confinement if the term of imprisonment exceeds six months but does not exceed one year?,two months,IPC,law_info
"if a prisoners term of imprisonment exceeds six months but does not exceed one year, how long can they be placed in solitary confinement?",two months,IPC,law_info
what is the maximum duration of solitary confinement in any one month of the whole imprisonment if the imprisonment awarded exceeds three months?,seven days,IPC,law_info
"how many days can a prisoner be kept in solitary confinement in a month, if the given imprisonment exceeds three months?",seven days,IPC,law_info
what is the punishment for someone who has been previously convicted and is guilty of any offence under chapter xii or chapter xvii?,"imprisonment for life, or imprisonment which may extend to ten years",IPC,law_info
what is the sentence for a person who is convicted again under chapter xii or chapter xvii?,"imprisonment for life, or imprisonment which may extend to ten years",IPC,law_info
what is the general exception according to article 76 in chapter iv?,"nothing is an offence which is done by a person who is, or who by reason of a mistake of fact and not by reason of a mistake of law in good faith believes himself to be, bound by law",IPC,law_info
"what is the condition, under which nothing is considered an offence, that involves a person believing in good faith due to a mistake of fact and not law that he is bound by law?",this condition is the general exception according to article 76 in chapter iv,IPC,law_info
what happens when a soldier fires on a mob by the order of his superior officer in accordance with the law?,"the soldier, referred to as a, has committed no offence.",IPC,law_info
who has committed no offence when firing on a mob by the order of his superior officer in accordance with the law?,"the soldier, referred to as a.",IPC,law_info
what happens when an officer of a court of justice arrests the wrong person believing them to be the correct person?,"the officer, referred to as a, has committed no offence.",IPC,law_info
"has an officer, referred to as a, committed an offence if they arrest the wrong person believing them to be the correct person in a court of justice?","no, the officer a has committed no offence.",IPC,law_info
what is not considered an offence when done by a judge?,"nothing is an offence which is done by a judge when acting judicially in the exercise of any power which is, or which in good faith he believes to be, given to him by law.",IPC,law_info
under what conditions is an act done by a judge not considered an offence?,"an act is not considered an offence when done by a judge if he is acting judicially in the exercise of any power which is, or which in good faith he believes to be, given to him by law.",IPC,law_info
what is not considered an offence when done in pursuance of a court of justices judgement or order?,"nothing which is done in pursuance of, or which is warranted by the judgment or order of, a court of justice if done whilst such judgment or order remains in force, is an offence, notwithstanding the court may have had no jurisdiction to pass such judgment or order, provided the person doing the act in good faith believes that the court had such jurisdiction.",IPC,law_info
"under what conditions is an act not considered an offence even if it is done in pursuance of a court of justices judgement or order, even if the court may have had no jurisdiction?","an act is not considered an offence when done in pursuance of, or warranted by the judgement or order of a court of justice, if it is done while the judgement or order is in force, and the person acting in good faith believes the court had jurisdiction, regardless of whether the court actually had jurisdiction or not.",IPC,law_info
what is not considered an offence when done by a person who believes himself to be justified by law?,"nothing is an offence which is done by any person who is justified by law, or who by reason of a mistake of fact and not by reason of a mistake of law in good faith, believes himself to be justified by law, in doing it.",IPC,law_info
"what does a person who is justified by law, or who by reason of a mistake of fact and not by reason of a mistake of law in good faith, believes himself to be justified by law, in doing it?",he does nothing that is considered an offence.,IPC,law_info
what happens when a sees z commit what appears to be a murder?,"a, in the exercise, to the best of his judgment exerted in good faith, of the power which the law gives to all persons of apprehending murderers in the fact, seizes z, in order to bring z before a court.",IPC,law_info
"what is as response if he witnesses z committing a crime that appears to be murder, according to the law?","a, in the exercise, to the best of his judgment exerted in good faith, of the power which the law gives to all persons of apprehending murderers in the fact, seizes z, in order to bring z before a court.",IPC,law_info
what is not considered an offence according to section 80?,"an act done by accident or misfortune, without any criminal intention or knowledge, in the doing of a lawful act in a lawful manner by lawful means and with proper care and caution is not considered an offence.",IPC,law_info
what is the definition of an act that is not considered an offence under section 80?,"an act done by accident or misfortune, without any criminal intention or knowledge, in the doing of a lawful act in a lawful manner by lawful means and with proper care and caution.",IPC,law_info
what is the illustration given for section 80?,"a is at work with a hatchet the head flies off and kills a man who is standing by. if there was no want of proper caution on the part of a, his act is excusable and not an offence.",IPC,law_info
what is the excusable and nonoffensive action of a according to section 80?,"a is at work with a hatchet the head flies off and kills a man who is standing by. if there was no want of proper caution on the part of a, his act is excusable and not an offence.",IPC,law_info
what is not considered an offence according to section 81?,"an act done with the knowledge that it is likely to cause harm, if it is done without any criminal intention to cause harm, and in good faith for the purpose of preventing or avoiding other harm to person or property is not considered an offence.",IPC,law_info
"what kind of act, even though done with the knowledge that it could cause harm, is not considered an offence under the law?","an act done with the knowledge that it is likely to cause harm, if it is done without any criminal intention to cause harm, and in good faith for the purpose of preventing or avoiding other harm to person or property is not considered an offence.",IPC,law_info
what is the explanation given for section 81?,it is a question of fact in such a case whether the harm to be prevented or avoided was of such a nature and so imminent as to justify or excuse the risk of doing the act with the knowledge that it was likely to cause harm.,IPC,law_info
what does section 81 suggest about cases where the harm to be prevented or avoided was of such a nature and so imminent as to justify or excuse the risk of doing the act with the knowledge that it was likely to cause harm?,section 81 suggests that it is a question of fact in such cases.,IPC,law_info
what is the illustration given for section 81?,"a, the captain of a steam vessel, suddenly, and without any fault or negligence on his part, finds himself in such a position that, before he can stop his vessel, he must inevitably run down a boat b, with twenty or thirty passengers on board, unless he changes the course of his vessel, and that, by changing his course, he must incur risk of running down a boat c with only two passengers on board, which he may possibly clear. if a alters his course without any intention to run down the boat c and in good faith for the purpose of avoiding the danger to the passengers in the boat b, he is not guilty of an offence, though he may run down the boat c by doing an act which he knew was likely to cause that effect, if it be found as a matter of fact that the danger which he intended to avoid was such as to excuse him.",IPC,law_info
"in a scenario where the captain of a steam vessel, a, finds himself in a position where he must inevitably run down a boat b with twenty or thirty passengers on board unless he changes his course, and by changing his course he risks running into boat c with only two passengers which he may possibly clear, what would be the legal consequence if a alters his course with no intention to hit boat c but in good faith to avoid endangering the passengers in boat b, even if this results in running down boat c?","he is not guilty of an offence, even though he may run down the boat c by doing an act which he knew was likely to cause that effect, if it is found as a matter of fact that the danger he intended to avoid was such as to excuse him.",IPC,law_info
what is the ruling in case a pulls down houses to prevent a fire from spreading?,"if the harm to be prevented was of such a nature and so imminent as to excuse as act, a is not guilty of the offence.",IPC,law_info
who would not be considered guilty if the imminent nature and harm of a situation excused their act of pulling down houses to prevent a fire from spreading?,a would not be considered guilty.,IPC,law_info
is an act committed by a child under seven years of age considered an offence?,"no, nothing is an offence which is done by a child under seven years of age.",IPC,law_info
who is not considered to commit an offence regardless of their actions?,a child under seven years of age.,IPC,law_info
what is the ruling for an act committed by a child above seven and under twelve years of age?,"nothing is an offence which is done by a child above seven years of age and under twelve, who has not attained sufficient maturity of understanding to judge of the nature and consequences of his conduct on that occasion.",IPC,law_info
"what is the legal status of actions performed by a child above seven but under twelve years old, who lacks the maturity to understand the nature and consequences of their actions?",nothing is an offence which is done by such a child.,IPC,law_info
is an act committed by a person of unsound mind considered an offence?,"no, nothing is an offence which is done by a person who, at the time of doing it, by reason of unsoundness of mind, is incapable of knowing the nature of the act, or that he is doing what is either wrong or contrary to law.",IPC,law_info
"what is the legal stance on actions done by a person who, at the time of the act, due to unsoundness of mind, is unable to understand the nature of the act or realize that it is wrong or against the law?","no, nothing is an offence which is done by such a person.",IPC,law_info
how is the act of a person intoxicated against his will treated under law?,"nothing is an offence which is done by a person who, at the time of doing it, is, by reason of intoxication, incapable of knowing the nature of the act, or that he is doing what is either wrong, or contrary to law provided that the thing which intoxicated him was administered to him without his knowledge or against his will.",IPC,law_info
what is the legal stance on an offence committed by a person who was unknowingly or unwillingly intoxicated and thus incapable of understanding the nature of the act or its legality?,"nothing is an offence which is done by a person who, at the time of doing it, is, by reason of intoxication, incapable of knowing the nature of the act, or that he is doing what is either wrong, or contrary to law provided that the thing which intoxicated him was administered to him without his knowledge or against his will.",IPC,law_info
what is the law regarding an offence requiring a particular intent or knowledge committed by one who is intoxicated?,"in cases where an act done is not an offence unless done with a particular knowledge or intent, a person who does the act in a state of intoxication shall be liable to be dealt with as if he had the same knowledge as he would have had if he had not been intoxicated, unless the thing which intoxicated him was administered to him without his knowledge or against his will.",IPC,law_info
"what happens if a person commits an act requiring specific intent or knowledge while intoxicated, especially if the intoxication was not selfinduced?","if a person commits an act requiring a particular intent or knowledge while being intoxicated, they are held liable as if they had the same knowledge as if they were not intoxicated. however, if the substance that intoxicated them was administered without their knowledge or against their will, this may not apply.",IPC,law_info
what is not considered an offence in the context of causing harm with consent?,"an act is not considered an offence if it is not intended to cause death or grievous harm, and is not known by the doer to be likely to cause death or grievous harm. this applies if the act may cause harm, or be intended by the doer to cause harm, to any person above eighteen years of age who has given consent, whether express or implied, to suffer that harm.",IPC,law_info
"under what conditions is an act, which may cause harm to a person above eighteen years of age who has given consent, not considered an offence?","an act is not considered an offence if it is not intended to cause death or grievous harm, and is not known by the doer to be likely to cause death or grievous harm.",IPC,law_info
what is the implication of a and zs agreement to fence with each other?,"the agreement implies the consent of each to suffer any harm which, in the course of such fencing, may be caused without foul play. if a, while playing fairly, hurts z, a commits no offence.",IPC,law_info
what does a and zs agreement to fence imply if a hurts z without any foul play?,"the agreement implies that a commits no offence, since each has consented to suffer any harm that may be caused in the course of such fencing.",IPC,law_info
what is not an offence when done by consent in good faith for a persons benefit?,"an act that is not intended to cause death and is done in good faith for the benefit of another person who has given consent, whether express or implied, to suffer that harm or to take the risk of that harm, is not an offence.",IPC,law_info
"what is the definition of an act that is not intended to cause death, done in good faith for the benefit of another person, and accepted by that person with express or implied consent to suffer harm or risk?","an act that is not intended to cause death and is done in good faith for the benefit of another person who has given consent, whether express or implied, to suffer that harm or to take the risk of that harm, is defined as not an offence.",IPC,law_info
what is the scenario provided as an illustration for an act done in good faith for the benefit of another person?,"a surgeon, knowing that a particular operation is likely to cause the death of a patient suffering from a painful complaint, performs the operation without intending to cause the patients death and with the intent of benefiting the patient in good faith. the surgeon has the patients consent. in this case, the surgeon has committed no offence.",IPC,law_info
"who has committed no offence when performing a likely fatal operation on a patient suffering from a painful complaint, with the patients consent and with the intention of benefiting the patient in good faith?",a surgeon,IPC,law_info
what is not considered an offence when done in good faith for the benefit of a child or person of unsound mind?,"an act done in good faith for the benefit of a person under twelve years of age or of unsound mind is not considered an offence if it may cause harm, or be intended by the doer to cause harm. this applies if the act is done by or by consent, either express or implied, of the guardian or other person having lawful charge of that person.",IPC,law_info
"under what conditions is an act, that may cause harm or is intended to cause harm, not considered an offence when done for a person under twelve years of age or of unsound mind?","an act is not considered an offence if its done in good faith for the benefit of a person under twelve years of age or of unsound mind, even if it may cause harm or be intended by the doer to cause harm. this applies if the act is done by or by consent, either express or implied, of the guardian or other person having lawful charge of that person.",IPC,law_info
what is the first provision of the exception?,"the exception shall not extend to the intentional causing of death, or to the attempting to cause death.",IPC,law_info
"what does the exception not extend to, according to its first provision?","the exception shall not extend to the intentional causing of death, or to the attempting to cause death.",IPC,law_info
what is the second provision of the exception?,"the exception shall not extend to the doing of anything which the person doing it knows to be likely to cause death, for any purpose other than the preventing of death or grievous hurt, or the curing of any grievous disease or infirmity.",IPC,law_info
"what does the exception not cover, according to the second provision?","the exception shall not extend to the doing of anything which the person doing it knows to be likely to cause death, for any purpose other than the preventing of death or grievous hurt, or the curing of any grievous disease or infirmity.",IPC,law_info
what is the third provision of the exception?,"the exception shall not extend to the voluntary causing of grievous hurt, or to the attempting to cause grievous hurt, unless it be for the purpose of preventing death or grievous hurt, or the curing of any grievous disease or infirmity.",IPC,law_info
"what does the exception not extend to, according to its third provision?","the exception shall not extend to the voluntary causing of grievous hurt, or to the attempting to cause grievous hurt, unless it be for the purpose of preventing death or grievous hurt, or the curing of any grievous disease or infirmity.",IPC,law_info
what is the fourth provision of the exception?,"the exception shall not extend to the abetment of any offence, to the committing of which offence it would not extend.",IPC,law_info
what does the fourth provision of the exception state about the extent of the exception?,"the exception shall not extend to the abetment of any offence, to the committing of which offence it would not extend.",IPC,law_info
what is the case with a and his child in the illustration?,"a, in good faith and for his childs benefit, has his child cut for the stone by a surgeon, knowing it to be likely that the operation will cause the childs death, but not intending to cause the childs death. a is within the exception, as his object was the cure of the child.",IPC,law_info
"what was as intent when he had his child cut for the stone by a surgeon, knowing it could cause his childs death?","as intent was not to cause his childs death but to cure his child. he did it in good faith and for his childs benefit, and hence he is within the exception.",IPC,law_info
when is a consent not considered as such according to section 90 of this code?,"a consent is not such a consent as is intended by any section of this code, if the consent is given by a person under fear of injury, or under a misconception of fact, and if the person doing the act knows, or has reason to believe, that the consent was given in consequence of such fear or misconception. it also does not count if the consent is given by a person who, from unsoundness of mind, or intoxication, is unable to understand the nature and consequence of that to which he gives his consent or if the consent is given by a person who is under twelve years of age.",IPC,law_info
what are the conditions under which a persons consent might not be considered valid under any section of the code?,"the consent is considered invalid if it is given under fear of injury, or under a misconception of fact and the person doing the act knows or has reason to believe that the consent was given due to such fear or misconception. the consent is also not valid if it is given by a person with unsoundness of mind or intoxication who is unable to understand the nature and consequence of what they are consenting to, or if the consent is given by a person who is under twelve years of age.",IPC,law_info
"what are the exceptions in sections 87, 88 and 89 not extended to?","the exceptions in sections 87, 88 and 89 do not extend to acts which are offences independently of any harm.",IPC,law_info
"what do the exceptions in sections 87, 88 and 89 not cover?","the exceptions in sections 87, 88 and 89 do not extend to acts which are offences independently of any harm.",IPC,law_info
what is the offense in the context of causing miscarriage?,causing miscarriage unless caused in good faith for the purpose of saving the life of the woman is offence independently of any harm which it may cause or be intended to cause to the woman. the consent of the woman or of her guardian to the causing of such miscarriage does not justify the act.,IPC,law_info
"is causing a miscarriage considered an offense, even if the woman or her guardian consents to it?","yes, causing miscarriage unless caused in good faith for the purpose of saving the life of the woman is offence independently of any harm which it may cause or be intended to cause to the woman. the consent of the woman or of her guardian to the causing of such miscarriage does not justify the act.",IPC,law_info
what is the provision for an act done in good faith for the benefit of a person without consent?,"nothing is an offence by reason of any harm which it may cause to a person for whose benefit it is done in good faith, even without that persons consent, if the circumstances are such that it is impossible for that person to signify consent, or if that person is incapable of giving consent, and has no guardian or other person in lawful charge of him from whom it is possible to obtain consent in time for the thing to be done with benefit.",IPC,law_info
what happens if an action is taken in good faith for the benefit of a person who cannot provide consent or has no guardian from whom to obtain consent in a timely manner?,"nothing is considered an offence by reason of any harm which it may cause to that person, even without their consent, because the circumstances imply that it is impossible for that person to give consent.",IPC,law_info
what are the exclusions to the provision for an act done in good faith for the benefit of a person without consent?,"this exception does not extend to the intentional causing of death, attempting to cause death, doing anything which the person doing it knows to be likely to cause death for any purpose other than preventing death or grievous hurt, the curing of any grievous disease or infirmity, voluntary causing of hurt, attempting to cause hurt, or the abetment of any offence.",IPC,law_info
what activities does the exception for an act done in good faith for the benefit of a person without consent not cover?,"the exception does not cover intentional causing of death, attempting to cause death, doing anything which the person doing it knows to be likely to cause death for any purpose other than preventing death or grievous hurt, the curing of any grievous disease or infirmity, voluntary causing of hurt, attempting to cause hurt, or the abetment of any offence.",IPC,law_info
what is the illustration given for an act done in good faith for the benefit of a person without consent?,"z is thrown from his horse, and is insensible. a, a surgeon, finds that z requires to be trepanned. a, not intending zs death, but in good faith, for zs benefit, performs the trepan before z recovers his power of judging for himself.",IPC,law_info
"a, a surgeon, finds that z, who has been thrown from his horse and is insensible, requires to be trepanned. a performs the trepan before z recovers his power of judging for himself, without intending zs death but for zs benefit. what is this act called?",this act is called an act done in good faith for the benefit of a person without consent.,IPC,law_info
what happens if a fires at a tiger trying to save z and accidentally kills z?,a has committed no offence.,IPC,law_info
has a committed any offence if he accidentally kills z while trying to save him from a tiger?,"no, a has committed no offence.",IPC,law_info
can a surgeon perform an operation on a child without the guardians consent in case of an emergency?,"yes, if the surgeon is acting in good faith for the childs benefit, heshe has committed no offence.",IPC,law_info
"in an emergency, if a surgeon operates on a child for their benefit without a guardians consent, is it considered an offence?","no, if the surgeon is acting in good faith for the childs benefit, heshe has committed no offence.",IPC,law_info
"what happens if a drops a child from a burning house into a blanket held by people below, but the child dies?","a has committed no offence, if the act was done in good faith for the childs benefit.",IPC,law_info
"is a legally liable if they drop a child from a burning house into a blanket held by people below, but the child dies, assuming the act was done in good faith for the childs benefit?","no, a has committed no offence.",IPC,law_info
"what is considered as benefit in the context of sections 88, 89 and 92?","benefit within the meaning of sections 88, 89 and 92 does not include mere pecuniary benefit.",IPC,law_info
"what does benefit exclude within the meaning of sections 88, 89 and 92?","benefit excludes mere pecuniary benefit in the context of sections 88, 89 and 92.",IPC,law_info
"is there any offense in a surgeon communicating a fatal diagnosis to a patient, even if it causes the patients death?","no, a communication made in good faith is not an offence, even if it may cause the patients death.",IPC,law_info
is a communication made in good faith considered an offence if it may cause the patients death?,"no, a communication made in good faith is not an offence, even if it may cause the patients death.",IPC,law_info
what does the law state about offences committed under threats?,"except for murder, and offences against the state punishable with death, nothing is an offence which is done by a person who is compelled to do it by threats, which, at the time of doing it, reasonably cause the apprehension that instant death to that person will otherwise be the consequence.",IPC,law_info
"under what circumstances can a person be legally compelled to commit an offence due to threats, as per law?","a person can be legally compelled to commit an offence due to threats, except for murder and offences against the state punishable with death, when there is a reasonable apprehension that instant death to that person will otherwise be the consequence.",IPC,law_info
what does explanation 1 state about a person who voluntarily joins a gang of dacoits?,"explanation 1 states that a person who voluntarily joins a gang of dacoits, knowing their character, is not entitled to the benefit of the laws exception, even if they were threatened or compelled by their associates to commit an offence.",IPC,law_info
"who is not entitled to the benefit of the laws exception, according to explanation 1?","a person who voluntarily joins a gang of dacoits, knowing their character, even if they were threatened or compelled by their associates to commit an offence, is not entitled to the benefit of the laws exception.",IPC,law_info
what does explanation 2 state about a person forced by a gang of dacoits to commit an offence?,"explanation 2 states that a person who is seized by a gang of dacoits and forced, under threat of instant death, to commit an offence, such as forcing the door of a house for the dacoits to enter and plunder, is entitled to the benefit of exception under the law.",IPC,law_info
"who is entitled to the benefit of exception under the law, according to explanation 2, in a situation where they are forced by a gang of dacoits to commit an offence under threat of instant death?","a person who is seized by a gang of dacoits and forced to commit an offence, such as forcing the door of a house for the dacoits to enter and plunder, is entitled to the benefit of exception under the law.",IPC,law_info
what is the legal perspective on an act causing slight harm according to section 95?,"according to section 95, an act is not considered an offence if it causes, or is intended to cause, or is known to likely cause, harm so slight that no person of ordinary sense and temper would complain of such harm.",IPC,law_info
"what does section 95 state about an act that causes, or is intended to cause, or is known to likely cause, harm so slight that no person of ordinary sense and temper would complain of such harm?",the legal perspective on such an act according to section 95 is that it is not considered an offence.,IPC,law_info
what is stated in section 96 about the right of private defence?,section 96 states that nothing is an offence if it is done in the exercise of the right of private defence.,IPC,law_info
which section states that nothing is an offence if it is done in the exercise of the right of private defence?,section 96,IPC,law_info
what rights does section 97 grant regarding private defence of body and property?,"section 97 grants every person the right, with certain restrictions, to defend their own body or the body of another person against any offence affecting the human body, and to defend their own property or the property of another person against any act which is an offence of theft, robbery, mischief, criminal trespass or an attempt to commit any of those offences.",IPC,law_info
"which section of the law allows a person to defend their own body or the property of another person against any offence of theft, robbery, mischief, criminal trespass or an attempt to commit any of those offences, with certain restrictions?","section 97 grants the right to defend ones own body or the property of another person against such offences, with certain restrictions.",IPC,law_info
"what does section 98 state about the right of private defence against the act of a person of unsound mind, etc.?","section 98 states that when an act, which would otherwise be an offence, is not that offence due to the youth, the lack of maturity of understanding, the unsoundness of mind or the intoxication of the person doing that act, or due to any misconception on the part of that person, every person has the same right of private defence against that act.",IPC,law_info
"what does the law say about the right of private defence in cases where the act is not an offence due to the persons youth, lack of maturity of understanding, unsoundness of mind, intoxication, or any misconception?","section 98 states that in such cases, every person still has the same right of private defence against that act.",IPC,law_info
"what does someone have the right to do if someone else, under the influence of madness, attempts to kill them?",they have the same right of private defence which they would have if the person were sane.,IPC,law_info
"what right does a person have when someone tries to kill them, regardless of the assailants mental state?",they have the same right of private defence which they would have if the person were sane.,IPC,law_info
what right does a person have if someone attacks them under the misconception that they are a housebreaker?,"the person has the same right of private defence against the attacker, which they would have if the attacker were not acting under that misconception.",IPC,law_info
what rights does a person have in private defence against an attacker who is acting under a misconception?,"the person has the same right of private defence as if the attacker were not acting under that misconception. for example, if someone attacks them under the misconception that they are a housebreaker.",IPC,law_info
when is there no right of private defence?,"there is no right of private defence against an act which does not reasonably cause the apprehension of death or grievous hurt, if done by a public servant acting in good faith under colour of his office, even if the act is not strictly justifiable by law. there is also no right of private defence in cases in which there is time to have recourse to protection of the public authorities.",IPC,law_info
"what happens if an act does not reasonably cause the apprehension of death or grievous hurt, and is done by a public servant in good faith, even if the act is not strictly justifiable by law? or in cases where there is time to have recourse to protection of the public authorities?","in these scenarios, there is no right of private defence.",IPC,law_info
to what extent can the right of private defence be exercised?,the right of private defence in no case extends to the inflicting of more harm than it is necessary to inflict for the purpose of defence.,IPC,law_info
what is the limit to the harm that can be inflicted in the exercise of the right of private defence?,the harm inflicted in the exercise of the right of private defence should not exceed what is necessary for the purpose of defence.,IPC,law_info
when is a person not deprived of the right of private defence against an act done by a public servant?,"a person is not deprived of the right of private defence against an act done by a public servant, unless he knows or has reason to believe, that the person doing the act is a public servant.",IPC,law_info
under what conditions does a person retain their right of private defence against an act done by a public servant?,a person retains their right of private defence against an act done by a public servant unless they know or have reason to believe that the person doing the act is a public servant.,IPC,law_info
when is a person not deprived of the right of private defence against an act done by the direction of a public servant?,"a person is not deprived of the right of private defence against an act done by the direction of a public servant, unless he knows, or has reason to believe, that the person doing the act is doing so under the direction of a public servant.",IPC,law_info
under what circumstances is a person not deprived of the right to private defence against an act done by a public servant?,"a person is not deprived of the right of private defence against an act done by the direction of a public servant, unless he knows, or has reason to believe, that the person doing the act is doing so under the direction of a public servant.",IPC,law_info
what is required from a person acting under authority in the context of this act?,"the person must state the authority under which they act, or if they have authority in writing, they must produce such authority if demanded.",IPC,law_info
what should a person do if they are acting under authority and are demanded to prove it according to this act?,"the person must state the authority under which they act, or if they have authority in writing, they must produce such authority if demanded.",IPC,law_info
when does the right of private defence of the body extend to causing death?,"the right of private defence of the body extends to causing death or harm to the assailant under certain conditions, such as an assault that may cause death or grievous hurt, an assault with the intention of committing rape, unnatural lust, kidnapping, abducting, wrongful confinement or an act of throwing or administering acid.",IPC,law_info
under what conditions does the right of private defence of the body extend to causing death or harm to the assailant?,"the right of private defence of the body extends to causing death or harm to the assailant under conditions such as an assault that may cause death or grievous hurt, an assault with the intention of committing rape, unnatural lust, kidnapping, abducting, wrongful confinement or an act of throwing or administering acid.",IPC,law_info
what happens if the offence is not of any of the descriptions enumerated in the preceding section?,"if the offence is not of any of the descriptions enumerated in the preceding section, the right of private defence of the body does not extend to the voluntary causing of death to the assailant, but does extend to voluntarily causing any harm other than death.",IPC,law_info
what is the extent of the right of private defence of the body if the offence is not of the descriptions enumerated in the preceding section?,"the right of private defence of the body does not extend to the voluntary causing of death to the assailant, but does extend to voluntarily causing any harm other than death.",IPC,law_info
when does the right of private defence of the body commence?,the right of private defence of the body commences as soon as an assault is anticipated.,IPC,law_info
when does the right of private defence of the body start?,as soon as an assault is anticipated.,IPC,law_info
when does the right of private defence of property extend to causing death?,"the right of private defence of property extends to causing death under certain conditions, such as during a robbery, housebreaking by night, mischief by fire committed on any building, tent or vessel used as a human dwelling or for the custody of property, and theft, mischief, or housetrespass that may reasonably cause apprehension that death or grievous hurt will be the consequence if such right of private defence is not exercised.",IPC,law_info
under what conditions does the right of private defence of property extend to causing death?,"the right of private defence of property extends to causing death during a robbery, housebreaking by night, mischief by fire committed on any building, tent or vessel used as a human dwelling or for the custody of property, and theft, mischief, or housetrespass that may reasonably cause apprehension that death or grievous hurt will be the consequence if such right of private defence is not exercised.",IPC,law_info
when does the right of private defence extend to causing harm other than death?,"the right of private defence extends to causing harm other than death if the offence being committed or attempted is theft, mischief, or criminal trespass, not of any of the descriptions enumerated in the last preceding section.",IPC,law_info
in cases of which offences does the right of private defence extend to causing harm other than death?,"the right of private defence extends to causing harm other than death if the offence being committed or attempted is theft, mischief, or criminal trespass, not of any of the descriptions enumerated in the last preceding section.",IPC,law_info
when does the right of private defence of property commence?,the right of private defence of property commences when a reasonable apprehension of danger to the property begins.,IPC,law_info
what does it mean for the right of private defence of property to commence?,it means that a reasonable apprehension of danger to the property begins.,IPC,law_info
how long does the right of private defence of property against theft continue?,the right of private defence of property against theft continues till the offender has effected his retreat with the property or either the assistance of the public authorities.,IPC,law_info
when does the right of private defence of property against theft stop?,the right of private defence of property against theft stops when the offender has effected his retreat with the property or when the assistance of the public authorities has arrived.,IPC,law_info
when does a reasonable apprehension of danger to the body arise?,"a reasonable apprehension of danger to the body arises from an attempt or threat to commit the offence, even if the offence has not been committed. it continues as long as such apprehension of danger to the body continues.",IPC,law_info
what causes a reasonable apprehension of danger to the body and when does it end?,"a reasonable apprehension of danger to the body arises from an attempt or threat to commit the offence, even if the offence has not been committed. it continues as long as such apprehension of danger to the body continues.",IPC,law_info
when does the right of private defence of property against robbery continue?,the right of private defence of property against robbery continues as long as the offender causes or attempts to cause to any person death or hurt or wrongful restraint or as long as the fear of instant death or of instant hurt or of instant personal restraint continues.,IPC,law_info
what conditions must be met for the right of private defence of property against robbery to continue?,the right of private defence of property against robbery continues as long as the offender causes or attempts to cause to any person death or hurt or wrongful restraint or as long as the fear of instant death or of instant hurt or of instant personal restraint continues.,IPC,law_info
when does the right of private defence of property against criminal trespass or mischief continue?,the right of private defence of property against criminal trespass or mischief continues as long as the offender continues in the commission of criminal trespass or mischief.,IPC,law_info
how long does the right of private defence of property against criminal trespass or mischief continue?,the right of private defence of property against criminal trespass or mischief continues as long as the offender continues in the commission of criminal trespass or mischief.,IPC,law_info
when does the right of private defence of property against housebreaking by night continue?,the right of private defence of property against housebreaking by night continues as long as the housetrespass which has been begun by such housebreaking continues.,IPC,law_info
how long does the right of private defence of property against housebreaking by night continue?,the right of private defence of property against housebreaking by night continues as long as the housetrespass which has been begun by such housebreaking continues.,IPC,law_info
what happens if the defender cannot effectually exercise their right of private defence without risk of harm to an innocent person?,"if in the exercise of the right of private defence against an assault which reasonably causes the apprehension of death, the defender be so situated that he cannot effectually exercise that right without risk of harm to an innocent person, his right of private defence extends to the running of that risk.",IPC,law_info
"does the right of private defence extend to running the risk of harm to an innocent person, if the defender cannot effectually exercise that right without such risk while defending against an assault that reasonably causes the apprehension of death?","yes, if in the exercise of the right of private defence against an assault which reasonably causes the apprehension of death, the defender be so situated that he cannot effectually exercise that right without risk of harm to an innocent person, his right of private defence extends to the running of that risk.",IPC,law_info
what does it mean to abet the doing of a thing?,"a person abets the doing of a thing if they instigate any person to do that thing, engage with one or more other people in any conspiracy for the doing of that thing, if an act or illegal omission takes place in pursuance of that conspiracy and in order to the doing of that thing, or intentionally aid, by any act or illegal omission, the doing of that thing.",IPC,law_info
"how can a person be said to have abetted the doing of a thing, according to the law?","a person abets the doing of a thing if they instigate any person to do that thing, engage with one or more other people in any conspiracy for the doing of that thing, if an act or illegal omission takes place in pursuance of that conspiracy and in order to the doing of that thing, or intentionally aid, by any act or illegal omission, the doing of that thing.",IPC,law_info
what is the definition of instigation in this context?,"in this context, a person who attempts to cause or procures a thing to be done, voluntarily or not, is said to instigate the doing of that thing.",IPC,law_info
who is said to instigate the doing of a thing in this context?,"in this context, a person who attempts to cause or procures a thing to be done, voluntarily or not, is said to instigate the doing of that thing.",IPC,law_info
what is the example given for instigation?,"a, a public officer, is authorised by a warrant from a court of justice to apprehend z, b, knowing that fact and also that c is not z, wilfully represents to a that c is z, and thereby intentionally causes a to apprehend c. here b abets by instigation the apprehension of c.",IPC,law_info
who abets by instigation the apprehension of c in the given example?,b abets by instigation the apprehension of c.,IPC,law_info
what is the definition of an abettor?,"an abettor is a person who abets an offence, who abets either the commission of an offence, or the commission of an act which would be an offence, if committed by a person capable by law of committing an offence with the same intention or knowledge as that of the abettor.",IPC,law_info
who is a person that abets an offence or an act which would be an offence if committed by a person capable by law of committing an offence with the same intention or knowledge?,an abettor,IPC,law_info
what is the example given for abetment where the act abetted is not committed?,a instigates b to murder c. b refuses to do so. a is guilty of abetting b to commit murder.,IPC,law_info
"who is guilty of abetting in a scenario where a instigates b to murder c, but b refuses to do so?",a is guilty of abetting b to commit murder.,IPC,law_info
what is the example given for abetment where the act abetted is committed but the intended effect is not produced?,a instigates b to murder d. b in pursuance of the instigation stabs d. d recovers from the wound. a is guilty of instigating b to commit murder.,IPC,law_info
"who would be considered guilty in a situation where a instigated b to murder d, b stabs d, but d recovers from the wound?",a is guilty of instigating b to commit murder.,IPC,law_info
can a person abet a child or a lunatic to commit an offense?,"yes, if a, with a guilty intention, abets a child or a lunatic to commit an act which would be an offence, if committed by a person capable by law of committing an offence, and having the same intention as a, then a has committed an act of abetment.",IPC,law_info
what constitutes an act of abetment if committed by a person towards a child or a lunatic?,"an act of abetment is constituted if a person, with a guilty intention, abets a child or a lunatic to commit an act which would be an offense, if committed by a person capable by law of committing an offence, and having the same intention.",IPC,law_info
who is guilty of abetting an offence according to the text?,"person a, whether the act is committed or not.",IPC,law_info
"who, according to the text, is considered guilty even if the act is not committed?",person a,IPC,law_info
"what happens if a instigates b, a child under seven, to commit murder?",a is liable to be punished in the same manner as if b had been capable by law of committing an offence.,IPC,law_info
"who is liable for punishment if a instigates a child under seven, b, to commit murder?",a is liable to be punished in the same manner as if b had been capable by law of committing an offence.,IPC,law_info
"what is as punishment for instigating b to set fire to a dwelling house, if b is incapable of understanding the act due to unsound mind?","a is guilty of abetting the offence of setting fire to a dwellinghouse, and is liable to the punishment provided for that offence.",IPC,law_info
"who is liable for the punishment provided for the offence of setting fire to a dwellinghouse, if they instigated b who is incapable of understanding the act due to an unsound mind?",a is guilty of abetting the offence and therefore is liable for the punishment.,IPC,law_info
what is the consequence if a instigates b to steal from z under the pretense that the property belongs to a?,"a is guilty of abetting theft, and is liable to the same punishment as if b had committed theft.",IPC,law_info
"who is liable to the same punishment as if b had committed theft, if they instigate b to steal from z under the pretense that the property belongs to them?",a is liable as they would be guilty of abetting theft.,IPC,law_info
is the abetment of an abetment also an offence?,"yes, the abetment of an offence being an offence, the abetment of such an abetment is also an offence.",IPC,law_info
"if abetment of an offence is considered an offence, does this apply to the abetment of such an abetment as well?","yes, the abetment of an abetment is also an offence.",IPC,law_info
what is the consequence for a if a instigates b to instigate c to murder z?,"a is also liable to the same punishment as b, which is the punishment for murder.",IPC,law_info
who is liable to the same punishment as b for instigating c to murder z?,a is also liable to the same punishment as b if a instigates b to instigate c to murder z.,IPC,law_info
is it necessary for the abettor to commit the act in the offence of abetment by conspiracy?,"no, it is not necessary to the commission of the offence of abetment by conspiracy that the abettor should commit the act.",IPC,law_info
"in the offence of abetment by conspiracy, does the abettor have to commit the act?","no, it is not necessary that the abettor should commit the act in the offence of abetment by conspiracy.",IPC,law_info
what is the main idea of the illustration given in the text?,"the main idea is that if a person engages in a conspiracy that leads to a crime, they are guilty of that crime, even if they did not directly commit it.",IPC,law_info
who is considered guilty of a crime according to the illustration in the text?,"a person is considered guilty if they engage in a conspiracy that leads to a crime, even if they did not directly commit it.",IPC,law_info
what does section 108a state?,"section 108a states that a person who, in india, abets the commission of any act outside india that would constitute an offence if committed in india, is guilty of abetting that offence.",IPC,law_info
who is guilty of abetting an offence according to section 108a?,"a person who, in india, abets the commission of any act outside india that would constitute an offence if committed in india, is guilty of abetting that offence according to section 108a.",IPC,law_info
what is the consequence of abetting an offence according to section 109?,"according to section 109, whoever abets any offence, if the act abetted is committed as a result of the abetment, shall be punished with the punishment provided for the offence, unless the code provides a specific punishment for such abetment.",IPC,law_info
what does section 109 state about the punishment for someone who abets an offence that is committed as a result of the abetment?,"according to section 109, whoever abets any offence, if the act abetted is committed as a result of the abetment, shall be punished with the punishment provided for the offence, unless the code provides a specific punishment for such abetment.",IPC,law_info
what is considered an act committed in consequence of abetment according to the text?,"an act or offence is considered committed in consequence of abetment if it is committed as a result of the instigation, or in pursuance of the conspiracy, or with the aid which constitutes the abetment.",IPC,law_info
"what does it mean for an act or offence to be committed as a result of the instigation, or in pursuance of the conspiracy, or with the aid which constitutes the abetment?",it means that the act or offence is considered committed in consequence of abetment according to the text.,IPC,law_info
what does the illustration under section 161 imply?,"the illustration implies that if a person offers a bribe to a public servant for a favour in their official functions and the public servant accepts the bribe, the person has abetted the offence defined in section 161.",IPC,law_info
what is the offence defined in section 161 that a person abets if they offer a bribe to a public servant for a favour in their official functions and the public servant accepts the bribe?,the illustration under section 161 implies that the offence is the acceptance of a bribe by a public servant for a favour in their official functions.,IPC,law_info
what happens when a instigates b to give false evidence and b commits that offence?,"a is guilty of abetting that offence, and is liable to the same punishment as b.",IPC,law_info
who is liable and what is the punishment if a instigated b to give false evidence and b committed the offence?,"a is guilty of abetting that offence, and is liable to the same punishment as b.",IPC,law_info
"who is guilty if a and b conspire to poison z, a procures the poison and delivers it to b, and b administers the poison to z causing zs death?","b is guilty of murder. a is guilty of abetting that offence by conspiracy, and is liable to the punishment for murder.",IPC,law_info
"in a scenario where a and b conspire to poison z, a procures the poison and delivers it to b, b administers the poison to z causing zs death, who is guilty of murder and who is guilty of abetting that offence by conspiracy?",b is guilty of murder. a is guilty of abetting that offence by conspiracy.,IPC,law_info
what is the punishment for abetment if the person abetted does the act with a different intention or knowledge from that of the abettor?,the abettor will be punished with the punishment provided for the offence which would have been committed if the act had been done with the intention or knowledge of the abettor.,IPC,law_info
"who will be punished and how, if the act had been done with the intention or knowledge of the abettor?",the abettor will be punished with the punishment provided for the offence which would have been committed.,IPC,law_info
what is the liability of an abettor when one act is abetted and a different act is done?,"the abettor is liable for the act done, in the same manner and to the same extent as if he had directly abetted it, provided the act done was a probable consequence of the abetment, and was committed under the influence of the instigation, or with the aid or in pursuance of the conspiracy which constituted the abetment.",IPC,law_info
what are the conditions under which an abettor is held liable when a different act is committed than the one abetted?,"the abettor is held liable for the different act done if it was a probable consequence of the abetment, and was committed under the influence of the instigation, or with the aid or in pursuance of the conspiracy which constituted the abetment. in such cases, the abettor is liable in the same manner and to the same extent as if he had directly abetted it.",IPC,law_info
"what happens if a instigates a child to poison zs food, but the child mistakenly poisons ys food instead?","if the child was acting under the influence of as instigation, and the act done was under the circumstances a probable consequence of the abetment, a is liable for the act.",IPC,law_info
"who is liable if a child, under the influence of an instigator a, mistakenly poisons ys food instead of zs food, given that the act done was a probable consequence of the abetment?",a is liable for the act.,IPC,law_info
who is liable if they instigate a child to poison someones food?,the person who instigated the child is liable in the same manner and to the same extent as if they had directly put the poison into the food.,IPC,law_info
who is considered responsible when a child is instigated to poison someones food and to what extent?,the person who instigated the child is liable in the same manner and to the same extent as if they had directly put the poison into the food.,IPC,law_info
is a guilty of abetting the theft if they instigated b to burn zs house and b simultaneously committed theft of property?,"no, a is not guilty of abetting the theft the theft was a distinct act, and not a probable consequence of the burning.",IPC,law_info
"if a instigated b to burn zs house and b simultaneously committed theft, would a be guilty of abetting the theft given the theft was a distinct act and not a probable consequence of the burning?","no, a is not guilty of abetting the theft.",IPC,law_info
"if a instigates b and c to break into a house for the purpose of robbery and they end up committing murder, is a liable for the murder?",a is liable for the murder if it was the probable consequence of the abetment.,IPC,law_info
under what circumstances would a be liable for the murder if they instigated b and c to break into a house for the purpose of robbery and a murder was committed?,a is liable for the murder if it was the probable consequence of the abetment.,IPC,law_info
when is an abettor liable to cumulative punishment for the act abetted and the act done?,"if the act for which the abettor is liable under the last preceding section is committed in addition to the act abetted and constitutes a distinct offence, the abettor is liable to punishment for each of the offences.",IPC,law_info
under what circumstances is an abettor liable to punishment for each of the offences?,an abettor is liable to cumulative punishment for the act abetted and the act done if the act for which the abettor is liable under the last preceding section is committed in addition to the act abetted and constitutes a distinct offence.,IPC,law_info
who is liable if b resists a distress instigated by a and voluntarily causes grievous hurt to the officer executing the distress?,"b is liable for both the offence of resisting the distress, and the offence of voluntarily causing grievous hurt. if a knew that b was likely to cause grievous hurt in resisting the distress, a will also be liable to punishment for each of the offences.",IPC,law_info
"who will be held responsible for the offence of resisting distress and causing grievous harm when b voluntarily hurts an officer while resisting a distress instigated by a, and when a knows that b is likely to cause harm?","b is liable for both the offences of resisting the distress and causing grievous harm. additionally, a will also be liable to punishment for each of these offences if he knew that b was likely to cause harm.",IPC,law_info
what is the liability of an abettor for an effect caused by the act abetted different from that intended by the abettor?,"when an act is abetted with the intention on the part of the abettor of causing a particular effect, and an act for which the abettor is liable in consequence of the abetment, causes a different effect from that intended by the abettor, the abettor is liable for the effect caused.",IPC,law_info
what is the liability of an abettor when the act abetted causes a different effect than what was intended by the abettor?,"when an act is abetted with the intention on the part of the abettor of causing a particular effect, and an act for which the abettor is liable in consequence of the abetment, causes a different effect from that intended by the abettor, the abettor is liable for the effect caused.",IPC,law_info
"who is considered liable if a instigates b to cause harm to z, which results in zs death?",a is considered liable if he knew that the grievous hurt abetted was likely to cause death.,IPC,law_info
who is considered liable if they know that the grievous hurt they abetted was likely to cause death?,"a is considered liable if he instigates b to cause harm to z, which results in zs death.",IPC,law_info
what is the punishment for an abettor present when an offence is committed?,the abettor is deemed to have committed such act or offence.,IPC,law_info
who is deemed to have committed an act or offence when they are present at the scene?,the abettor is deemed to have committed such act or offence.,IPC,law_info
what is the punishment for abetting an offence punishable with death or imprisonment for life if the offence is not committed?,"the abettor shall be punished with imprisonment of either description for a term which may extend to seven years, and shall also be liable to fine.",IPC,law_info
"what is the maximum term of imprisonment and potential additional punishment for someone who abets an offence punishable with death or life imprisonment, if the offence is not committed?","the maximum term of imprisonment is up to seven years, and they may also be liable to a fine.",IPC,law_info
what is the punishment for an abettor if any act for which the abettor is liable in consequence of the abetment causes harm to any person?,"the abettor shall be liable to imprisonment of either description for a term which may extend to fourteen years, and shall also be liable to fine.",IPC,law_info
what is the maximum term of imprisonment and additional liability for an abettor if the abetment causes harm to any person?,"the abettor shall be liable to imprisonment of either description for a term which may extend to fourteen years, and shall also be liable to fine.",IPC,law_info
what is the punishment for a if he instigates b to murder z but the offence is not committed?,a is liable to imprisonment for a term which may extend to seven years and also to a fine.,IPC,law_info
"what is the maximum sentence and additional penalty for someone who instigates another person to commit murder, but the crime is not executed?","the maximum sentence is imprisonment for a term which may extend to seven years, and an additional penalty of a fine.",IPC,law_info
"if any hurt is done to z due to as abetment, what punishment can a face?",a will be liable to imprisonment for a term which may extend to fourteen years.,IPC,law_info
what is the maximum duration of imprisonment a could face if he is found guilty of abetting harm to z?,a could face imprisonment that may extend to fourteen years.,IPC,law_info
what is the punishment for instigating a sect consisting of more than ten members to attack another sect?,"the punishment can be imprisonment which may extend to three years, or with fine, or with both.",IPC,law_info
what is the potential consequence if one instigates a sect consisting of more than ten members to attack another sect?,"the potential consequence can be imprisonment which may extend to three years, or with fine, or with both.",IPC,law_info
what is the consequence of concealing design to commit offence punishable with death or imprisonment for life?,"if the offence is committed, the person can be punished with imprisonment for a term which may extend to seven years. if the offence is not committed, punishment can be imprisonment for a term which may extend to three years. in either case, the person can also be liable to fine.",IPC,law_info
"what is the maximum imprisonment term for a person who conceals a design to commit an offence punishable with death or imprisonment for life, if the offence is committed or not?","if the offence is committed, the maximum term of imprisonment is up to seven years. if the offence is not committed, the maximum term of imprisonment is up to three years. in both cases, the person can also be liable to a fine.",IPC,law_info
what is the punishment if a public servant conceals a design to commit an offence which it is his duty to prevent?,the specific punishment is not provided in the given text.,IPC,law_info
what information about the punishment for a public servant concealing a design to commit an offence is provided in the text?,the specific punishment is not provided in the given text.,IPC,law_info
what happens if someone falsely informs the magistrate about a dacoity in order to mislead them and facilitate the commission of the offence?,"the person is punishable under the law which allows for imprisonment of either description for a term which may extend to seven years, or if the offence is not committed, with imprisonment of either description, for a term which may extend to three years and in either case shall also be liable to fine.",IPC,law_info
what is the punishment for someone who falsely informs the magistrate about a dacoity in order to mislead them and facilitate the commission of the offence?,"the person is punishable under the law which allows for imprisonment of either description for a term which may extend to seven years, or if the offence is not committed, with imprisonment of either description, for a term which may extend to three years and in either case shall also be liable to fine.",IPC,law_info
what does imprisonment of either description mean?,"the term imprisonment of either description is not explicitly defined in the provided text. however, in legal terms, it generally refers to imprisonment that may be of any type or kind.",IPC,law_info
what does the legal term imprisonment of either description generally refer to?,it generally refers to imprisonment that may be of any type or kind.,IPC,law_info
what are the consequences if a public servant facilitates the commission of an offence?,"the public servant may be punished with imprisonment of any description provided for the offence, for a term which may extend to onehalf of the longest term of such imprisonment, or with such fine as is provided for that offence, or with both.",IPC,law_info
what is the possible punishment for a public servant who facilitates the commission of an offence?,"the public servant may be punished with imprisonment of any description provided for the offence, for a term which may extend to onehalf of the longest term of such imprisonment, or with such fine as is provided for that offence, or with both.",IPC,law_info
what are the consequences if the offence is punishable with death or imprisonment for life?,the party involved may receive imprisonment of either description for a term which may extend to ten years.,IPC,law_info
what might happen to the party involved in an offence punishable with death or imprisonment for life?,the party involved may receive imprisonment of either description for a term which may extend to ten years.,IPC,law_info
what are the consequences if the offence is not committed?,"the party involved may be punished with imprisonment of any description provided for the offence for a term which may extend to onefourth part of the longest term of such imprisonment or with such fine as is provided for the offence, or with both.",IPC,law_info
what could be the punishment for the party involved if an offence is not committed?,"the party involved may be punished with imprisonment of any description provided for the offence for a term which may extend to onefourth part of the longest term of such imprisonment or with such fine as is provided for the offence, or with both.",IPC,law_info
what is considered an illegal omission according to the illustration provided?,"an officer of police, being legally bound to give information of all designs to commit robbery which may come to his knowledge, and knowing that someone designs to commit robbery, omits to give such information, with intent to facilitate the commission of that offence.",IPC,law_info
who is legally bound to give information about planned robberies and what would be considered an illegal omission on their part?,"an officer of police is legally bound to give information of all designs to commit robbery which may come to his knowledge. an illegal omission would be if they knew someone planned to commit a robbery and intentionally didnt give this information, with the intent to facilitate the commission of that offence.",IPC,law_info
what actions constitute concealing a design to commit an offence punishable with imprisonment?,"actions such as voluntarily concealing, by any act or illegal omission, the existence of a design to commit such offence, or making any representation which the individual knows to be false respecting such design.",IPC,law_info
"what does voluntarily concealing, by any act or illegal omission, the existence of a design to commit an offence, or making any false representation about such design, imply?",these actions constitute concealing a design to commit an offence punishable with imprisonment.,IPC,law_info
what is the definition of a criminal conspiracy?,"a criminal conspiracy is when two or more persons agree to do, or cause to be done, either an illegal act or an act which is not illegal by illegal means. this agreement is considered a criminal conspiracy as long as some act besides the agreement is done by one or more parties to such agreement in pursuance thereof. it is immaterial whether the illegal act is the ultimate object of such agreement, or is merely incidental to that object.",IPC,law_info
what defines an act as a criminal conspiracy?,"an act can be defined as a criminal conspiracy if two or more persons agree to do, or cause to be done, either an illegal act or an act which is not illegal by illegal means. in addition to the agreement, at least one of the parties must perform some act in pursuance of the agreement. it doesnt matter whether the illegal act is the ultimate object of such agreement, or is merely incidental to that object.",IPC,law_info
what is the punishment for a party to a criminal conspiracy to commit an offence punishable with death or rigorous imprisonment for a term of two years or upwards?,"the punishment is the same as if they had abetted such offence, where no express provision is made in this code for the punishment of such a conspiracy.",IPC,law_info
"what is the punishment for a person who has abetted an offence punishable with death or rigorous imprisonment for a term of two years or upwards, especially when there is no express provision in the code for the punishment of such a conspiracy?",the punishment is the same as for a party to a criminal conspiracy to commit such an offence.,IPC,law_info
what is the punishment for a party to a criminal conspiracy other than a criminal conspiracy to commit an offence punishable by death or rigorous imprisonment for a term of two years or upwards?,"they shall be punished with imprisonment of either description for a term not exceeding six months, or with fine or with both.",IPC,law_info
"what is the maximum sentence for a party to a criminal conspiracy, not involving an offence punishable by death or rigorous imprisonment for a term of two years or upwards?","they shall be punished with imprisonment of either description for a term not exceeding six months, or with fine or with both.",IPC,law_info
what is the punishment if the offence is committed?,"the punishment is imprisonment of the description provided for the offence, for a term which may extend to onefourth of the longest term of such imprisonment, or with such fine as is provided for the offence, or with both.",IPC,law_info
"what does the term imprisonment of the description provided for the offence, for a term which may extend to onefourth of the longest term of such imprisonment, or with such fine as is provided for the offence, or with both refer to?",it refers to the punishment if the offence is committed.,IPC,law_info
what is the punishment if the offence is not committed?,"the punishment is up to oneeight of the longest term of such imprisonment, or with such fine as is provided for the offence, or with both.",IPC,law_info
"what is the punishment for an offence not committed that involves up to oneeight of the longest term of such imprisonment, or with such fine as is provided for the offence, or with both?","the punishment if the offence is not committed is up to oneeight of the longest term of such imprisonment, or with such fine as is provided for the offence, or with both.",IPC,law_info
what is the punishment for waging war against the government of india?,"the punishment is death, or imprisonment for life, and the individual shall also be liable to fine.",IPC,law_info
what is the consequence for an individual who wages war against the government of india?,"the consequence is death, or imprisonment for life, and the individual shall also be liable to fine.",IPC,law_info
what crime has a committed if they join an insurrection against the government of india?,a has committed the offence defined in the respective section which pertains to waging or attempting to wage war against the government of india.,IPC,law_info
what is the offence defined in the respective section which pertains to waging or attempting to wage war against the government of india?,it is the crime that a has committed if they join an insurrection against the government of india.,IPC,law_info
what is the punishment for conspiring to commit offences punishable by section 121?,"the punishment is imprisonment for life, or with imprisonment of either description which may extend to ten years, and the individual shall also be liable to fine.",IPC,law_info
"what does the punishment of imprisonment for life, or with imprisonment of either description which may extend to ten years, and a fine apply to?",this punishment applies to conspiring to commit offences punishable by section 121.,IPC,law_info
is it necessary for any act or illegal omission to take place to constitute a conspiracy?,"no, it is not necessary that any act or illegal omission shall take place in pursuance thereof.",IPC,law_info
is it necessary that any act or illegal omission shall take place in pursuance thereof to constitute a conspiracy?,"no, it is not necessary.",IPC,law_info
"what is the punishment for collecting men, arms or ammunition with the intention of waging war against the government of india?",the text does not specifically mention the punishment for this action.,IPC,law_info
"does the text specifically mention the punishment for collecting men, arms or ammunition with the intention of waging war against the government of india?","no, the text does not specifically mention the punishment for this action.",IPC,law_info
what is the punishment for concealing with intent to facilitate design to wage war?,"the punishment is imprisonment of either description for a term which may extend to ten years, and also liable to fine.",IPC,law_info
what is the maximum sentence and potential fine for a person who has been found guilty of concealing with intent to facilitate design to wage war?,"the maximum sentence is imprisonment for a term which may extend to ten years, and the person is also liable to a fine.",IPC,law_info
"what is the punishment for assaulting president, governor, etc., with intent to compel or restrain the exercise of any lawful power?","the punishment is imprisonment of either description for a term which may extend to seven years, and also liable to fine.",IPC,law_info
"what is the maximum prison term and potential additional liability for someone who assaults a president, governor, etc., with the intent to compel or restrain the exercise of any lawful power?","the maximum prison term is seven years, and the person could also be liable to a fine.",IPC,law_info
"what does sedition, under section 124a, entail?","sedition is defined as whoever by words, either spoken or written, or by signs, or by visible representation, or otherwise, brings or attempts to bring into hatred or contempt, or excites or attempts to excite.",IPC,law_info
what actions can be classified as sedition according to section 124a?,"actions such as using words, either spoken or written, or signs, or visible representation, or otherwise, that bring or attempt to bring into hatred or contempt, or excite or attempt to excite can be classified as sedition.",IPC,law_info
what does the expression disaffection include as per the explanation given?,the expression disaffection includes disloyalty and all feelings of enmity.,IPC,law_info
what feelings does the expression disaffection include?,the expression disaffection includes disloyalty and all feelings of enmity.,IPC,law_info
what is the punishment for disaffection towards the government established by law in india?,"the punishment is imprisonment for life, to which fine may be added, or with imprisonment which may extend to three years, to which fine may be added, or with fine.",IPC,law_info
"what is the maximum sentence, including potential fines, that can be given for crimes of disaffection towards the government established by law in india?","the maximum sentence is imprisonment for life, to which fine may be added, or imprisonment which may extend to three years, to which fine may be added, or with fine.",IPC,law_info
do comments expressing disapprobation of the measures of the government with a view to obtain their alteration by lawful means constitute an offence under this section?,"no, comments expressing disapprobation of the measures of the government with a view to obtain their alteration by lawful means, without exciting or attempting to excite hatred, contempt or disaffection, do not constitute an offence under this section.",IPC,law_info
"do comments that express disapproval of government measures, with the intent to lawfully alter them without inciting hatred, contempt, or disaffection, constitute an offense under this section?","no, they do not constitute an offense under this section.",IPC,law_info
what is the punishment for waging war against any asiatic power in alliance with the government of india?,"the punishment is imprisonment for life, to which fine may be added, or with imprisonment of either description for a term which may extend to seven years, to which fine may be added, or with fine.",IPC,law_info
"what is the penalty that includes imprisonment for life, a potential added fine, or imprisonment up to seven years with a potential added fine, or a fine in the context of waging war against an asiatic power in alliance with the government of india?","the punishment for waging war against any asiatic power in alliance with the government of india is imprisonment for life, to which fine may be added, or with imprisonment of either description for a term which may extend to seven years, to which fine may be added, or with fine.",IPC,law_info
do comments expressing disapprobation of the administrative or other action of the government constitute an offence under this section?,"no, comments expressing disapprobation of the administrative or other action of the government without exciting or attempting to excite hatred, contempt or disaffection, do not constitute an offence under this section.",IPC,law_info
"is it considered an offence under this section to express disapprobation of the administrative or other action of the government without exciting or attempting to excite hatred, contempt or disaffection?","no, it is not considered an offence under this section.",IPC,law_info
what is the punishment for anyone who commits depredation on the territories of any power in alliance or at peace with the government of india?,"the person shall be punished with imprisonment of either description for a term which may extend to seven years, and shall also be liable to fine and to forfeiture of any property used or intended to be used in committing such depredation, or acquired by such depredation.",IPC,law_info
what are the consequences for a person who commits depredation on territories of a power in alliance or at peace with the government of india?,"the person shall be punished with imprisonment of either description for a term which may extend to seven years, and shall also be liable to fine and to forfeiture of any property used or intended to be used in committing such depredation, or acquired by such depredation.",IPC,law_info
what is the penalty for anyone who receives any property knowing it to have been taken in the commission of any of the offences mentioned in sections 125 and 126?,"the person shall be punished with imprisonment of either description for a term which may extend to seven years, and shall also be liable to fine and to forfeiture of the property so received.",IPC,law_info
what is the punishment for a person who knowingly receives property that was taken during the commission of crimes under sections 125 and 126?,"the person shall be punished with imprisonment of either description for a term which may extend to seven years, and shall also be liable to fine and to forfeiture of the property so received.",IPC,law_info
what is the offense committed by a public servant who voluntarily allows a state prisoner or prisoner of war to escape?,the public servant has committed the offense of voluntarily allowing a prisoner of state or war to escape.,IPC,law_info
what is the term for the offense committed when a public servant voluntarily allows a prisoner of state or war to escape?,the offense is called voluntarily allowing a state prisoner or prisoner of war to escape.,IPC,law_info
what is the punishment for a public servant who negligently allows a state prisoner or prisoner of war to escape?,"the public servant shall be punished with simple imprisonment for a term which may extend to three years, and shall also be liable to fine.",IPC,law_info
what is the term and additional liability for a public servant who negligently allows a state prisoner or prisoner of war to escape?,the public servant may be imprisoned for up to three years and is also liable to fine.,IPC,law_info
what is the punishment for aiding or assisting any state prisoner or prisoner of war in escaping from lawful custody?,"the person shall be punished with imprisonment for life, or with imprisonment of either description for a term which may extend to ten years, and shall also be liable to fine.",IPC,law_info
what are the potential consequences for someone who aids or assists a state prisoner or prisoner of war in escaping from lawful custody?,"the person shall be punished with imprisonment for life, or with imprisonment of either description for a term which may extend to ten years, and shall also be liable to fine.",IPC,law_info
"what is the punishment for abetting mutiny or attempting to seduce a soldier, sailor or airman from his duty?","the person shall be punished with imprisonment for life, or with imprisonment of either description for a term which may extend to ten years, and shall also be liable to fine.",IPC,law_info
"what is the penalty for a person who abets mutiny or tries to seduce a soldier, sailor or airman from his duty, according to the law?","the person shall be punished with imprisonment for life, or with imprisonment of either description for a term which may extend to ten years, and shall also be liable to fine.",IPC,law_info
what is considered an escape from lawful custody for a state prisoner or prisoner of war?,"a state prisoner or prisoner of war, who is permitted to be at large on his parole within certain limits in india, is said to escape from lawful custody if he goes beyond the limits within which he is allowed to be at large.",IPC,law_info
"in india, when is a state prisoner or prisoner of war on parole said to have escaped from lawful custody?","a state prisoner or prisoner of war, who is permitted to be at large on his parole within certain limits in india, is said to escape from lawful custody if he goes beyond the limits within which he is allowed to be at large.",IPC,law_info
"what is the punishment for whoever abets the committing of mutiny by an officer, soldier, sailor or airman, in the army, navy or air force of the government of india?","if mutiny be committed in consequence of that abetment, the person will be punished with death or with imprisonment for life, or imprisonment of either description for a term which may extend to ten years, and shall also be liable to fine.",IPC,law_info
"what is the consequence if a person is found guilty of abetting mutiny in the army, navy or air force of the government of india and mutiny is committed as a result of their abetment?","the person will be punished with death or with imprisonment for life, or imprisonment of either description for a term which may extend to ten years, and shall also be liable to fine.",IPC,law_info
"what is the punishment for whoever abets an assault by an officer, soldier, sailor or airman, in the army, navy or air force of the government of india, on any superior officer being in the execution of his office?","the person shall be punished with imprisonment of either description for a term which may extend to three years, and shall also be liable to fine.",IPC,law_info
"what is the maximum term of imprisonment and additional penalties for someone who aids an assault by an officer, soldier, sailor, or airman, in the army, navy, or air force of the government of india, on a superior officer during the execution of his office?","the maximum term of imprisonment is three years, and the person may also be liable to a fine.",IPC,law_info
which acts are persons subject to?,"persons are subject to the army act, the army act, 1950 46 of 1950, the naval discipline act, the indian navy discipline act,1934 34 of 1934, the air force act or the air force act, 1950 45 of 1950.",IPC,law_info
"what are the army act, the army act, 1950 46 of 1950, the naval discipline act, the indian navy discipline act,1934 34 of 1934, the air force act and the air force act, 1950 45 of 1950?",these are the acts that persons are subject to.,IPC,law_info
"what were the words officer, soldier, sailor and airman substituted by?","the words officer, soldier, sailor and airman appear to have been substituted by various acts and amendments, including act 10 of 1927, act 27 of 1870, and act 35 of 1934.",IPC,law_info
"which acts and amendments were the words officer, soldier, sailor and airman substituted by?","the words officer, soldier, sailor and airman appear to have been substituted by act 10 of 1927, act 27 of 1870, and act 35 of 1934.",IPC,law_info
what is the punishment for assaulting a superior officer in the navy or air force of the government of india?,"the punishment for assaulting a superior officer in the navy or air force of the government of india is imprisonment of either description for a term which may extend to seven years, and a fine.",IPC,law_info
what is the maximum length of imprisonment and the additional penalty for assaulting a superior officer in the navy or air force of the government of india?,"the maximum length of imprisonment for assaulting a superior officer in the navy or air force of the government of india is seven years, and the additional penalty is a fine.",IPC,law_info
"what is the punishment for abetting the desertion of a soldier, sailor or airman in the navy or air force of the government of india?","the punishment for abetting the desertion of a soldier, sailor or airman in the navy or air force of the government of india is imprisonment of either description for a term which may extend to two years, or with fine, or with both.",IPC,law_info
"what is the maximum term of imprisonment, and possible additional penalties, for someone convicted of abetting the desertion of a soldier, sailor, or airman in the navy or air force of the government of india?","the maximum term of imprisonment is two years, and the convict may also be subject to a fine or both imprisonment and fine.",IPC,law_info
what is the punishment for harbouring a deserter from the navy or air force of the government of india?,"the punishment for harbouring a deserter from the navy or air force of the government of india is imprisonment of either description for a term which may extend to two years, or with fine or with both.",IPC,law_info
what is the maximum sentence and possible fine for someone who is found guilty of harbouring a deserter from the navy or air force of the government of india?,"the maximum sentence for someone found guilty of this crime is imprisonment of either description for a term which may extend to two years, and they may also be subjected to a fine.",IPC,law_info
what is the exception to the rule about harbouring a deserter?,the exception to the rule about harbouring a deserter is when the harbour is given by a wife to her husband.,IPC,law_info
who can give harbour to a deserter without breaking the rule?,a wife can give harbour to her husband without breaking the rule.,IPC,law_info
what is the penalty for a master or person in charge of a merchant vessel who unknowingly harbors a deserter from the navy or air force of the government of india?,"the master or person in charge of a merchant vessel who unknowingly harbors a deserter from the navy or air force of the government of india is liable to a penalty not exceeding five hundred rupees, if he might have known of such concealment but for some neglect of his duty or some want of discipline on board of the vessel.",IPC,law_info
who is liable to a penalty not exceeding five hundred rupees for unknowingly harboring a deserter from the navy or air force of the government of india?,the master or person in charge of a merchant vessel is liable to this penalty if he might have known of such concealment but for some neglect of his duty or some want of discipline on board of the vessel.,IPC,law_info
"what is the punishment for abetting an act of insubordination by a soldier, sailor or airman in the navy or air force of the government of india?",the punishment is not specified in the provided text.,IPC,law_info
"is the punishment for abetting an act of insubordination by a soldier, sailor or airman in the navy or air force of the government of india specified in the provided text?","no, the punishment is not specified in the provided text.",IPC,law_info
"what is the punishment for someone not in the military, naval or air service of the government of india, who wears any garb or carries any token resembling any garb or token used by a soldier, sailor or airman with the intention that it may be believed that he is such a soldier, sailor or airman?","the punishment is imprisonment of either description for a term which may extend to three months, or with fine which may extend to an unspecified amount.",IPC,law_info
"what is the duration of imprisonment or the extent of fine for a civilian who wears or carries any token resembling a soldier, sailor or airmans garb with deceitful intentions in india?","the imprisonment can extend up to three months, or a fine which may extend to an unspecified amount.",IPC,law_info
what happened to the application of foregoing sections to the indian marine service?,"it was repealed by the amending act, 1934.",IPC,law_info
which act repealed the application of foregoing sections to the indian marine service?,"the amending act, 1934.",IPC,law_info
who is not subject to punishment under this code code for any of the offences defined in this chapter?,"no person subject to the army act, the army act, 1950, the naval discipline act, the indian navy discipline act, 1934, the air force act or the air force act, 1950, is subject to punishment under this code code for any of the offences defined in this chapter.",IPC,law_info
"are persons subject to the army act, the army act, 1950, the naval discipline act, the indian navy discipline act, 1934, the air force act or the air force act, 1950, subject to punishment under this code code for any of the offences defined in this chapter?",no,IPC,law_info
what is designated as an unlawful assembly?,"an assembly of five or more persons is designated an unlawful assembly if the common object of the persons composing that assembly is to overawe by criminal force, resist the execution of any law, commit any mischief or criminal trespass, take or obtain possession of any property by means of criminal force, or compel any person to do what he is not legally bound to do, or to omit to do what he is legally entitled to do.",IPC,law_info
what is the common object of persons composing an unlawful assembly?,"the common object of the persons composing an unlawful assembly is to overawe by criminal force, resist the execution of any law, commit any mischief or criminal trespass, take or obtain possession of any property by means of criminal force, or compel any person to do what he is not legally bound to do, or to omit to do what he is legally entitled to do.",IPC,law_info
what happens if an assembly becomes unlawful after it has assembled?,"an assembly which was not unlawful when it assembled, may subsequently become an unlawful assembly.",IPC,law_info
what may happen to an assembly that was not unlawful when it assembled?,an assembly may subsequently become an unlawful assembly after it has assembled.,IPC,law_info
who is considered a member of an unlawful assembly?,"whoever, being aware of facts which render any assembly an unlawful assembly, intentionally joins that assembly, or continues in it, is said to be a member of an unlawful assembly.",IPC,law_info
what actions or knowledge would make a person a member of an unlawful assembly?,"a person is considered a member of an unlawful assembly if they, being aware of facts which render any assembly an unlawful assembly, intentionally join that assembly, or continue in it.",IPC,law_info
what is the punishment for being a member of an unlawful assembly?,"whoever is a member of an unlawful assembly, shall be punished with imprisonment of either description for a term which may extend to six months, or with fine, or with both.",IPC,law_info
what is the maximum term of imprisonment or penalty for someone who is a member of an unlawful assembly?,"the maximum term of imprisonment for someone who is a member of an unlawful assembly may extend to six months, and they may also be fined, or both.",IPC,law_info
what is the punishment if a person joins an unlawful assembly armed with a deadly weapon?,"whoever, being armed with any deadly weapon, or with anything which, used as a weapon of offence, is likely to cause death, is a member of an unlawful assembly, shall be punished with imprisonment of either description for a term which may extend to two years, or with fine, or with both.",IPC,law_info
what is the potential penalty for a person who is a member of an unlawful assembly while armed with a deadly weapon or anything likely to cause death?,"the person can be punished with imprisonment for a term which may extend to two years, or with fine, or with both.",IPC,law_info
"what is enacted by act 14 of 1887, s. 79?",the details of this act are not provided in the text.,IPC,law_info
"is the information about act 14 of 1887, s. 79 provided in the text?","no, the details of this act are not provided in the text.",IPC,law_info
"what substitution was made by act 10 of 1927, s. 2 and the first sch.?","it was substituted for any articles of war for the army of navy of the queen, or for any part of such army or navy.",IPC,law_info
"what was substituted for any articles of war for the army of navy of the queen, or for any part of such army or navy?","it was substituted by act 10 of 1927, s. 2 and the first sch.",IPC,law_info
"what substitution was made by act 3 of 1951, s. 3 and the sch.?","it was substituted for the indian army act, 1911 and the indian air force act, 1932.",IPC,law_info
"which acts were substituted by act 3 of 1951, s. 3 and the sch.?","the indian army act, 1911 and the indian air force act, 1932 were substituted.",IPC,law_info
"what was inserted by act 35 of 1934, s. 2 and the sch.?",the details of this act are not provided in the text.,IPC,law_info
"what details can be provided for act 35 of 1934, s. 2 and the sch.?",the details of this act are not provided in the text.,IPC,law_info
which words were omitted by the a. o. 1950?,the words or that act as modified by were omitted.,IPC,law_info
what was omitted from the a. o. 1950?,the words or that act as modified by were omitted.,IPC,law_info
"what should we now refer to as per the navy act, 1957 62 of 1957?",the details are not provided in the text.,IPC,law_info
"what details are missing in the text regarding the navy act, 1957 62 of 1957?","the specific aspect or part of the navy act, 1957 62 of 1957 we should now refer to is not provided in the text.",IPC,law_info
"what substitution was made by act 14 of 1932, s. 130 and sch.?",it was substituted for or the air force act.,IPC,law_info
"what was substituted for or the air force act in act 14 of 1932, s. 130 and sch.?","it was act 14 of 1932, s. 130 and sch.",IPC,law_info
"what substitution was made by act 10 of 1927, s. 2 and the first sch.?",it was substituted for or sailor.,IPC,law_info
"what was substituted for or sailor according to act 10 of 1927, s. 2 and the first sch.?","act 10 of 1927, s. 2 and the first sch. made the substitution",IPC,law_info
"what was substituted by s. 2 and the first sch., ibid.,?",it was substituted for or naval.,IPC,law_info
"what was or naval replaced with according to s. 2 and the first sch., ibid.,?","it was substituted by s. 2 and the first sch., ibid.,.",IPC,law_info
what substitution was made by the a. o. 1950?,it was substituted for queen and the central or any provincial government or legislature.,IPC,law_info
what was substituted for queen and the central or any provincial government or legislature by a. o. 1950?,it was the a. o. 1950 substitution,IPC,law_info
"what is the punishment for joining or continuing in an unlawful assembly, knowing it has been commanded to disperse?","the punishment is imprisonment of either description for a term which may extent to two years, or with fine, or with both.",IPC,law_info
"what is the maximum term of imprisonment, fine, or both for someone who continues in an unlawful assembly even after it has been commanded to disperse?","the maximum term of imprisonment is up to two years, or there may be a fine, or both.",IPC,law_info
what is the definition of rioting?,"rioting is defined as whenever force or violence is used by an unlawful assembly, or by any member thereof, in prosecution of the common object of such assembly.",IPC,law_info
what is the common object of an unlawful assembly using force or violence referred to as?,the common object of an unlawful assembly using force or violence is referred to as rioting.,IPC,law_info
what is the punishment for rioting?,"the punishment for rioting is imprisonment of either description for a term which may extend to two years, or with fine, or with both.",IPC,law_info
what is the maximum term of imprisonment and the potential additional penalties for someone convicted of rioting?,"the maximum term of imprisonment for someone convicted of rioting is two years, and the additional penalties may include a fine or both imprisonment and a fine.",IPC,law_info
"what is the punishment for rioting, being armed with a deadly weapon?","the punishment is imprisonment of either description for a term which may extend to three years, or with fine, or with both.",IPC,law_info
"what is the maximum sentence, including fines, one might receive for rioting while armed with a deadly weapon?","the maximum sentence one might receive for rioting while armed with a deadly weapon is imprisonment which may extend to three years, or with a fine, or both.",IPC,law_info
what is the penalty for a member of an unlawful assembly who commits an offence in prosecution of the common object of that assembly?,"every person who, at the time of the committing of that offence, is a member of the same assembly, is guilty of that offence.",IPC,law_info
who is guilty of an offence committed in prosecution of the common object of an unlawful assembly?,"every person who, at the time of the committing of that offence, is a member of the same assembly, is guilty of that offence.",IPC,law_info
"what is the punishment for someone who hires, engages, or employs someone to join an unlawful assembly?","they shall be punishable as a member of such unlawful assembly, and for any offence which may be committed by any such person as a member of such unlawful assembly in pursuance of such hiring, engagement or employment.",IPC,law_info
"what happens to a person who hires, engages, or employs someone to join an unlawful assembly, and that person commits an offence as a member of such unlawful assembly?","they shall be punishable as a member of such unlawful assembly, and for any offence which may be committed by any such person as a member of such unlawful assembly in pursuance of such hiring, engagement or employment.",IPC,law_info
what is the punishment for knowingly joining or continuing in an assembly of five or more persons after it has been commanded to disperse?,"whoever knowingly joins or continues in any assembly of five or more persons likely to cause a disturbance of the public peace, after such assembly has been lawfully commanded to disperse, shall be punished with imprisonment of either description for a term which may extend to six months, or with fine, or with both.",IPC,law_info
"what happens to someone who knowingly stays in a group of five or more people, likely to disturb public peace, after the group has been lawfully commanded to disperse?","the person shall be punished with imprisonment of either description for a term which may extend to six months, or with a fine, or with both.",IPC,law_info
what is the penalty for assaulting or obstructing a public servant when suppressing a riot or unlawful assembly?,"whoever assaults or threatens to assault, or obstructs or attempts to obstruct, any public servant in the discharge of his duty as such public servant, in endeavouring to disperse an unlawful assembly, or to suppress a riot or affray, shall be punished with imprisonment of either description for a term which may extend.",IPC,law_info
"what happens to someone who assaults, threatens to assault, obstructs or attempts to obstruct a public servant while they are trying to disperse an unlawful assembly or suppress a riot or affray?",they shall be punished with imprisonment of either description for a term which may extend.,IPC,law_info
what is the punishment for wantonly giving provocation with intent to cause riot?,"if the offence of rioting is committed, it is punished with imprisonment of either description for a term which may extend to one year, or with fine, or with both. if the offence of rioting is not committed, it is punished with imprisonment of either description for a term which may extend to six months, or with fine, or with both.",IPC,law_info
what is the potential penalty for someone who commits the offence of rioting after being wantonly provoked with intent to cause the riot? what if the offence of rioting is not committed?,"if the offence of rioting is committed, it is punished with imprisonment of either description for a term which may extend to one year, or with fine, or with both. if the offence of rioting is not committed, it is punished with imprisonment of either description for a term which may extend to six months, or with fine, or with both.",IPC,law_info
what is the offence under 153a?,"the offense under 153a is promoting enmity between different groups on grounds of religion, race, place of birth, residence, language, caste or community or any other ground, and doing acts that are prejudicial to the maintenance of harmony.",IPC,law_info
"which law is associated with the offence of promoting enmity between different groups on grounds of religion, race, place of birth, residence, language, caste or community or any other ground, and doing acts that are prejudicial to the maintenance of harmony?","the offence of promoting enmity between different groups on grounds of religion, race, place of birth, residence, language, caste or community or any other ground, and doing acts prejudicial to the maintenance of harmony is under 153a.",IPC,law_info
what activities fall under the offence in 153a?,"activities that fall under the offence include promoting or attempting to promote disharmony or feelings of enmity, hatred or illwill between different groups, committing any act which disturbs or is likely to disturb the public tranquillity, and organizing or participating in any exercise or activity intending that the participants will use or be trained to use criminal force or violence.",IPC,law_info
"what does promoting disharmony or feelings of enmity, hatred or illwill between different groups, committing any act which disturbs or is likely to disturb the public tranquillity, and organizing or participating in any exercise or activity intending that the participants will use or be trained to use criminal force or violence constitute?",these activities fall under the offence in 153a.,IPC,law_info
"what is the punishment for participating in activities likely to cause fear or alarm among any religious, racial, language or regional group or caste or community?","the punishment can extend to three years of imprisonment, or a fine, or both.",IPC,law_info
"what is the penalty for causing fear or alarm among any religious, racial, language or regional group or caste or community?","the penalty can extend to three years of imprisonment, or a fine, or both.",IPC,law_info
what is the punishment for committing an offence in a place of worship or during religious ceremonies?,the punishment can extend to five years of imprisonment and a fine.,IPC,law_info
what can the punishment extend to for committing an offence in a place of worship or during religious ceremonies?,the punishment can extend to five years of imprisonment and a fine.,IPC,law_info
"what is the punishment for knowingly carrying arms in any procession or participating in mass drill or training with arms in violation of section 144a of the code of criminal procedure, 1973?",the punishment can extend to six months of imprisonment and a fine up to two thousand rupees.,IPC,law_info
"what is the maximum penalty for a person violating section 144a of the code of criminal procedure, 1973 by knowingly carrying arms in a procession or participating in mass drill or training with arms?",the maximum penalty can be up to six months of imprisonment and a fine of two thousand rupees.,IPC,law_info
what does arms refer to in the context of section 153aa?,"arms refers to articles of any description designed or adapted as weapons for offence or defence, including firearms, sharp edged weapons, lathis, dandas and sticks.",IPC,law_info
what are the items included when referring to arms as per section 153aa?,"arms includes articles of any description designed or adapted as weapons for offence or defence, such as firearms, sharp edged weapons, lathis, dandas and sticks.",IPC,law_info
what constitutes an offence under section 153b?,"making or publishing any imputation that any class of persons cannot, by reason of their being members of any religious, racial, language or regional group or caste or community, bear true faith and allegiance to the constitution constitutes an offence.",IPC,law_info
"what action would be considered an offence as per section 153b, involving members of any religious, racial, language or regional group or caste or community?",making or publishing any imputation that they cannot bear true faith and allegiance to the constitution is considered an offence under section 153b.,IPC,law_info
"what punishment will be given to whoever asserts, counsels, advises, propagates or publishes that certain class of people should be denied their rights as citizens of india?","such a person shall be punished with imprisonment which may extend to three years, or with fine, or with both.",IPC,law_info
"what is the penalty for someone who asserts, counsels, advises, propagates or publishes that a certain class of people should be denied their rights as citizens of india?","the person can be imprisoned for up to three years, fined, or both.",IPC,law_info
what consequences will face the person who commits an offence specified in subsection 1 in any place of worship or in any assembly engaged in religious worship?,such a person shall be punished with imprisonment which may extend to five years and shall also be liable to fine.,IPC,law_info
what is the punishment for a person who commits an offence specified in subsection 1 in any place of worship or in any assembly engaged in religious worship?,the punishment is imprisonment which may extend to five years and the person shall also be liable to fine.,IPC,law_info
what is the penalty for the owner or occupier of land on which an unlawful assembly is held?,"the owner or occupier of the land could be punishable with a fine not exceeding one thousand rupees, if they do not report the unlawful assembly to the nearest policestation and do not use all lawful means in their power to prevent it.",IPC,law_info
what could happen if the owner or occupier of a land does not report an unlawful assembly to the nearest policestation and does not use all lawful means to prevent it?,the owner or occupier of the land could be punishable with a fine not exceeding one thousand rupees.,IPC,law_info
what is the liability of a person for whose benefit a riot is committed?,"such person shall be punishable with fine, if he or his agent or manager, having reason to believe that such riot was likely to be committed or that the unlawful assembly by which such riot was committed was likely to be held, shall not respectively use all lawful means in his or their power to prevent such assembly or riot from taking place, and for suppressing and dispersing the same.",IPC,law_info
"what are the consequences for a person or his agent or manager who had reason to believe a riot was likely to be committed or an unlawful assembly was likely to be held for his benefit, but did not use all lawful means in his or their power to prevent such assembly or riot from taking place, and for suppressing and dispersing the same?",such person shall be punishable with fine.,IPC,law_info
what is the liability of an agent of an owner or occupier for whose benefit a riot is committed?,"the agent or manager of such person shall be punishable with fine, if such agent or manager, having reason to believe that such riot was likely to be committed, or that the unlawful assembly by which such riot was committed was likely to be held, shall not use all lawful means in his power to prevent such riot or assembly from taking place and for suppressing and dispersing the same.",IPC,law_info
"what are the legal consequences for an agent or manager of an owner or occupier who fails to prevent a riot or assembly, despite knowing it was likely to occur, for which they are benefiting?","the agent or manager of such person shall be punishable with fine, if such agent or manager, having reason to believe that such riot was likely to be committed, or that the unlawful assembly by which such riot was committed was likely to be held, shall not use all lawful means in his power to prevent such riot or assembly from taking place and for suppressing and dispersing the same.",IPC,law_info
what is the consequence of harbouring persons hired for an unlawful assembly?,"whoever harbours, receives or assembles, in any house or premises in his occupation or charge, or under his control any persons knowing that such persons have been hired, engaged or employed, or are about to be hired, engaged or employed, to join or become members of an unlawful assembly would be liable.",IPC,law_info
"who would be liable if they harboured, received, or assembled persons in their house or premises knowing those persons were hired, engaged, or employed to join an unlawful assembly?","whoever harbours, receives or assembles, in any house or premises in his occupation or charge, or under his control any persons knowing that such persons have been hired, engaged or employed, or are about to be hired, engaged or employed, to join or become members of an unlawful assembly would be liable.",IPC,law_info
what is the punishment for being hired to take part in an unlawful assembly or riot?,"the punishment for being hired to take part in an unlawful assembly or riot is imprisonment of either description for a term which may extend to six months, or with fine, or with both.",IPC,law_info
what could be the potential penalties if someone is found guilty of being paid to participate in an illegal gathering or riot?,"the potential penalties for being found guilty of being paid to participate in an illegal gathering or riot can include imprisonment of any type for up to six months, a fine, or both.",IPC,law_info
what is the punishment for going armed or attempting to go armed during an unlawful assembly or riot?,"the punishment for going armed or attempting to go armed during an unlawful assembly or riot is imprisonment of either description for a term which may extend to two years, or with fine, or with both.",IPC,law_info
what is the maximum sentence and potential fines for someone who is caught going armed or attempting to go armed during an unlawful assembly or riot?,"the maximum sentence is imprisonment of either description for a term which may extend to two years, and they may also face a fine, or both.",IPC,law_info
what is the definition of committing an affray?,"committing an affray is defined as when two or more persons, by fighting in a public place, disturb the public peace.",IPC,law_info
"what action, when performed by two or more persons in a public place, is defined as disturbing the public peace?",fighting in a public place by two or more persons is defined as disturbing the public peace and is termed as committing an affray.,IPC,law_info
what is the punishment for committing an affray?,"the punishment for committing an affray is imprisonment of either description for a term which may extend to one month, or with fine which may extend to one hundred rupees, or with both.",IPC,law_info
what does the term of imprisonment or fine extend to for committing an affray?,"the term of imprisonment for committing an affray may extend to one month, and the fine may extend to one hundred rupees.",IPC,law_info
what were the offences related to public servants?,"the offences related to public servants were taking a gratification other than legal remuneration, taking a gratification to influence a public servant, taking a gratification for personal influence with a public servant, abetment by public servant of the offences, and public servant obtaining any valuable thing without consideration. however, these were repealed by the prevention of corruption act, 1988.",IPC,law_info
"which act repealed the offences of taking a gratification other than legal remuneration, taking a gratification to influence a public servant, taking a gratification for personal influence with a public servant, abetment by public servant of the offences, and public servant obtaining any valuable thing without consideration?","the prevention of corruption act, 1988 repealed these offences related to public servants.",IPC,law_info
what is the punishment for a public servant who knowingly disobeys any direction of the law with intent to cause injury to any person?,"the public servant shall be punished with simple imprisonment for a term which may extend to one year, or with fine, or with both.",IPC,law_info
"what is the maximum term for simple imprisonment, or the alternative punishment, for a public servant who disobeys any direction of the law with intent to cause injury to any person?","the maximum term for simple imprisonment is one year. the alternative punishment can be a fine, or both imprisonment and fine.",IPC,law_info
what action is described in the illustration provided for section 166?,"an officer directed by law to take property in execution to satisfy a decree knowingly disobeys that direction of law, causing injury to the person in whose favour the decree was pronounced.",IPC,law_info
who is depicted causing injury by knowingly disobeying the direction of law to take property in execution to satisfy a decree in the illustration for section 166?,an officer directed by law,IPC,law_info
what are the scenarios under which a public servant can be punished under section 166a?,"a public servant can be punished under section 166a if they knowingly disobey any direction of the law which prohibits them from requiring the attendance at any place of any person for investigation, if they disobey any other direction of the law regulating how they should conduct such investigation or if they fail to record any information given to them in relation to a cognizable offence.",IPC,law_info
in what situations can a public servant be accused of violating section 166a?,"a public servant can be accused of violating section 166a if they knowingly disobey any direction of the law which prohibits them from requiring the attendance at any place of any person for investigation, disobey any other direction of the law regulating how they should conduct such investigation, or fail to record any information given to them in relation to a cognizable offence.",IPC,law_info
what is the punishment for a public servant who disobeys direction under law according to section 166a?,"the public servant shall be punished with rigorous imprisonment for a term which shall not be less than six months but which may extend to two years, and shall also be liable to fine.",IPC,law_info
"what is the penalty, in terms of imprisonment and fine, for a public servant who disobeys direction under law according to section 166a?","the public servant shall be punished with rigorous imprisonment for a term which shall not be less than six months but which may extend to two years, and shall also be liable to fine.",IPC,law_info
what does section 166b pertain to?,"section 166b pertains to the punishment for nontreatment of a victim by anyone in charge of a hospital, whether public or private.",IPC,law_info
who does section 166b provide punishment for?,"section 166b provides punishment for anyone in charge of a hospital, whether public or private, who does not treat a victim.",IPC,law_info
"what is the punishment for contravening the provisions of section 357c of the code of criminal procedure, 1973?","the punishment may extend to one year of imprisonment, or with fine, or with both.",IPC,law_info
"what is the maximum penalty for a crime that may extend to one year of imprisonment, or with fine, or with both?","contravening the provisions of section 357c of the code of criminal procedure, 1973 can result in a punishment that may extend to one year of imprisonment, or with fine, or with both.",IPC,law_info
what is the punishment for a public servant who frames an incorrect document with intent to cause injury?,"the punishment can extend up to three years of imprisonment, or with fine, or with both.",IPC,law_info
"what is the maximum punishment, including potential fines, for a public servant who intentionally frames an incorrect document to cause harm?","the punishment can extend up to three years of imprisonment, or with fine, or with both.",IPC,law_info
what is the punishment for a public servant who unlawfully engages in trade?,"the punishment can extend to one year of simple imprisonment, or with fine, or with both.",IPC,law_info
"what can be the maximum extent of punishment, including imprisonment and fine, for a public servant who unlawfully engages in trade?","the punishment can extend to one year of simple imprisonment, or with fine, or with both.",IPC,law_info
what is the punishment for a public servant who unlawfully buys or bids for property?,"the punishment can extend up to two years of simple imprisonment, or with fine, or with both. in addition, the property, if purchased, shall be confiscated.",IPC,law_info
"what happens to a public servant who unlawfully buys or bids for property, and what happens to the property if purchased?","the public servant can be punished with up to two years of simple imprisonment, or with fine, or with both. additionally, the property, if purchased, shall be confiscated.",IPC,law_info
what is the punishment for a person who pretends to hold a public servants office?,"the punishment can extend up to three years of imprisonment, or with fine, or with both.",IPC,law_info
"what is the maximum length of imprisonment, or other penalties, for someone who falsely claims to be a public servant?","the maximum length of imprisonment is up to three years, and the person can also be punished with a fine, or both.",IPC,law_info
what is the punishment for wearing garb or carrying token used by public servants with fraudulent intent?,"the punishment is imprisonment of either description for a term which may extend to three months, or with fine which may extend to two hundred rupees, or with both.",IPC,law_info
what could be the potential consequences for someone who wears garb or carries a token used by public servants with fraudulent intent?,"the potential consequences could be imprisonment of either description for a term which may extend to three months, or with a fine which may extend to two hundred rupees, or with both.",IPC,law_info
what does candidate mean in the context of chapter ixa of offencesrelating to elections?,a candidate means a person who has been nominated as a candidate at any election.,IPC,law_info
who is referred to as a candidate in the context of an election?,a candidate refers to a person who has been nominated as a candidate at any election.,IPC,law_info
what does electoral right refer to?,"electoral right means the right of a person to stand, or not to stand as, or to withdraw from being, a candidate or to vote or refrain from voting at an election.",IPC,law_info
"what does it mean when a person has the right to stand, or not to stand as, or to withdraw from being, a candidate or to vote or refrain from voting at an election?",it refers to the electoral right.,IPC,law_info
what constitutes the offence of bribery in the context of elections?,the offence of bribery is committed when a person gives a gratification to any person with the object of inducing him or any other person to exercise any electoral right or of rewarding any person for having exercised any such right or accepts either for himself or for any other person any gratification as a reward for exercising any such right or for inducing or attempting to induce any other person to exercise any such right.,IPC,law_info
what actions are considered as committing the offence of bribery in relation to electoral rights?,the offence of bribery is committed when a person gives a gratification to any person with the object of inducing him or any other person to exercise any electoral right or of rewarding any person for having exercised any such right or accepts either for himself or for any other person any gratification as a reward for exercising any such right or for inducing or attempting to induce any other person to exercise any such right.,IPC,law_info
what does it mean to accept a gratification?,"accepting a gratification refers to obtaining or agreeing to accept or attempting to obtain a favor or reward. it also includes accepting such gratification as a motive for doing something one does not intend to do, or as a reward for something one has not done.",IPC,law_info
"what does obtaining or agreeing to accept a favor or reward, or accepting such gratification as a motive for doing something one does not intend to do, or as a reward for something one has not done refer to?",this refers to accepting a gratification.,IPC,law_info
what is the offense of undue influence at an election?,"the offense of undue influence at an election involves voluntarily interfering or attempting to interfere with the free exercise of any electoral right. this can include threatening any candidate or voter, or inducing or attempting to induce a candidate or voter to believe that they will become an object of divine displeasure or spiritual censure.",IPC,law_info
"what does it mean when someone voluntarily interferes or attempts to interfere with the free exercise of any electoral right, including threatening or inducing a candidate or voter to believe that they will become an object of divine displeasure or spiritual censure?",this is referred to as the offense of undue influence at an election.,IPC,law_info
what is personation at elections?,"personation at elections is an offense committed when a person at an election applies for a voting paper in the name of any other person, whether living or dead, or in a fictitious name, or having voted once at such election applies at the same election for a voting paper in his own name. it also includes abetting, procuring or attempting to procure the voting by any person in such a way.",IPC,law_info
"what does it mean when a person applies for a voting paper in the name of another person, whether living, dead, or fictitious, or votes again at the same election in their own name?","this is called personation at elections, which is an offense. it also includes abetting, procuring or attempting to procure the voting by any person in such a way.",IPC,law_info
what is not considered interference within the meaning of section 171c?,a declaration of public policy or a promise of public action or the mere exercise of a legal right without intent to interfere with an electoral right is not deemed to be interference within the meaning of section 171c.,IPC,law_info
what acts or behaviors are not deemed to be interference within the meaning of section 171c?,"a declaration of public policy, a promise of public action, or the mere exercise of a legal right without intent to interfere with an electoral right are not considered interference within the meaning of section 171c.",IPC,law_info
who is exempted from the offense of personation at elections?,"a person who has been authorised to vote as a proxy for an elector under any law for the time being in force is exempted from the offense of personation at elections, in so far as he votes as a proxy.",IPC,law_info
who is a person who has been authorised to vote as a proxy for an elector under any law for the time being in force exempted from?,a person who has been authorised to vote as a proxy for an elector under any law for the time being in force is exempted from the offense of personation at elections.,IPC,law_info
what is the punishment for committing bribery?,"the punishment for committing bribery is either imprisonment for a term which may extend to one year, or fine, or both. however, bribery by treating is punished with fine only.",IPC,law_info
"what is the maximum imprisonment term and possible fines for committing bribery, and what is the punishment for bribery by treating?","the maximum imprisonment term for committing bribery can extend to one year, and it may also be accompanied by a fine. however, bribery by treating is only punished with a fine.",IPC,law_info
what does treating mean in the context of bribery?,"treating in the context of bribery means the form of bribery where the gratification consists in food, drink, entertainment, or provision.",IPC,law_info
"what form of bribery consists in food, drink, entertainment, or provision?","treating is the form of bribery that consists in food, drink, entertainment, or provision.",IPC,law_info
what is the punishment for undue influence or personation at an election?,"the punishment for undue influence or personation at an election is imprisonment of either description for a term which may extend to one year or with fine, or with both.",IPC,law_info
what may happen to someone who is guilty of undue influence or personation at an election?,"someone who is guilty of undue influence or personation at an election may face imprisonment of either description for a term which may extend to one year or with fine, or with both.",IPC,law_info
what is the punishment for making or publishing a false statement in connection with an election?,the punishment for making or publishing a false statement in connection with an election is fine.,IPC,law_info
what is the consequence for making or publishing a false statement in connection with an election?,the consequence for making or publishing a false statement in connection with an election is a fine.,IPC,law_info
what is the punishment for illegal payments in connection with an election?,the punishment for illegal payments in connection with an election is fine which may extend to five hundred rupees.,IPC,law_info
what is the penalty for making illegal payments related to an election?,the penalty for making illegal payments related to an election is a fine which may extend to five hundred rupees.,IPC,law_info
what is the consequence for failing to keep election accounts?,"the law does not provide a specific punishment for failing to keep election accounts, it only states that whoever being required by any law for the time being in force or any rule having the force of law to keep accounts of expenses incurred at an election must do so.",IPC,law_info
what does the law state about the requirement to keep accounts of election expenses?,"the law states that whoever is required by any law for the time being in force or any rule having the force of law to keep accounts of expenses incurred at an election must do so. however, it does not provide a specific punishment for failing to keep these accounts.",IPC,law_info
what is the punishment for not keeping accounts in connection with an election?,the punishment is a fine which may extend to five hundred rupees.,IPC,law_info
what may the fine extend to for not keeping accounts in connection with an election?,the fine may extend to five hundred rupees.,IPC,law_info
what is the punishment for absconding to avoid service of summons or other proceeding?,"the punishment is simple imprisonment for a term which may extend to one month, or with fine which may extend to five hundred rupees, or with both.",IPC,law_info
what is the maximum duration of imprisonment or fine for someone who absconds to avoid service of summons or other proceeding?,the maximum duration of imprisonment can be up to one month and the fine can extend up to five hundred rupees.,IPC,law_info
"what is the punishment if the summons, notice, or order is to attend in person or by agent, or to produce a document or an electronic record in a court of justice?","the punishment is simple imprisonment for a term which may extend to six months, or with fine which may extend to one thousand rupees, or with both.",IPC,law_info
"what is the maximum term and fine for not attending in person or by agent, or not producing a document or an electronic record when ordered by a court of justice?",the maximum term is simple imprisonment for six months and the maximum fine is one thousand rupees. it can also be both.,IPC,law_info
"what is the punishment for preventing service of summons or other proceeding, or preventing publication thereof?","the punishment is simple imprisonment for a term which may extend to one month, or with fine which may extend to five hundred rupees, or with both.",IPC,law_info
"what is the maximum term of imprisonment and fine for a crime that includes preventing service of summons or other proceeding, or preventing publication thereof?",the maximum term of imprisonment may extend to one month and the fine may extend to five hundred rupees.,IPC,law_info
what is the punishment for not attending in person or by agent in a court of justice when ordered to produce a document or electronic record?,"the punishment is simple imprisonment for a term which may extend to six months, or with fine which may extend to one thousand rupees, or with both.",IPC,law_info
"what does the punishment of simple imprisonment for a term which may extend to six months, or with fine which may extend to one thousand rupees, or with both apply to?",this punishment applies to not attending in person or by agent in a court of justice when ordered to produce a document or electronic record.,IPC,law_info
what is the consequence for intentionally omitting to attend at a specific place or time when being legally bound to do so?,"the person shall be punished with simple imprisonment for a term which may extend to one month, or with fine which may extend to five hundred rupees, or with both.",IPC,law_info
what punishment is given to a person who intentionally fails to attend a specific place or time when legally bound to do so?,"the person shall be punished with simple imprisonment for a term which may extend to one month, or with fine which may extend to five hundred rupees, or with both.",IPC,law_info
what is the punishment for nonattendance in obedience to an order from a public servant?,"the punishment is simple imprisonment for a term which may extend to one month, or with fine which may extend to five hundred rupees, or with both.",IPC,law_info
"what does simple imprisonment for a term which may extend to one month, or with a fine which may extend to five hundred rupees, or with both refer to in terms of legal punishment?",this refers to the punishment for nonattendance in obedience to an order from a public servant.,IPC,law_info
"what is the consequence if a person fails to appear at the specified place and time as required by a proclamation under subsection 1 of section 82 of the code of criminal procedure, 1973?",the person shall be punished with imprisonment for a term which may extend to three years or with fine or with both.,IPC,law_info
"what is the punishment for not appearing at the specified place and time as required by a proclamation under subsection 1 of section 82 of the code of criminal procedure, 1973?",the person shall be punished with imprisonment for a term which may extend to three years or with fine or with both.,IPC,law_info
"what is the penalty for not appearing before the high court at calcutta, in obedience to a subpoena issuing from that court?",the person has committed an offence and shall be punished as defined in this section.,IPC,law_info
what happens to a person who does not appear before the high court at calcutta when subpoenaed by that court?,the person has committed an offence and shall be punished as defined in this section.,IPC,law_info
"what is the consequence for not appearing before a district judge, as a witness, in obedience to a summons issued by that district judge?",the person has committed an offence and shall be punished as defined in this section.,IPC,law_info
"what happens to a person who has committed an offence by not appearing before a district judge as a witness, in obedience to a summons issued by that district judge?",the person shall be punished as defined in this section.,IPC,law_info
what is the punishment for a person who is legally bound to produce or deliver a document or electronic record to a public servant and intentionally omits to do so?,"the person shall be punished with simple imprisonment for a term which may extend to one month, or with fine which may extend to five hundred rupees, or with both.",IPC,law_info
what is the penalty for someone who intentionally fails to produce or deliver a document or electronic record they are legally obligated to give to a public servant?,"the penalty is simple imprisonment for a term which may extend to one month, or with a fine which may extend to five hundred rupees, or with both.",IPC,law_info
what is the punishment if the document or electronic record is to be produced or delivered up to a court of justice?,"the punishment is simple imprisonment for a term which may extend to six months, or with fine which may extend to one thousand rupees, or with both.",IPC,law_info
what does the law prescribe as punishment for not producing or delivering up a required document or electronic record to a court of justice?,"the law prescribes simple imprisonment for a term which may extend to six months, or with fine which may extend to one thousand rupees, or with both.",IPC,law_info
what is the punishment for a person who is legally bound to give any notice or to furnish information on any subject to any public servant and intentionally omits to do so?,"the person shall be punished with simple imprisonment for a term which may extend to one month, or with fine which may extend to five hundred rupees, or with both.",IPC,law_info
what is the penalty for someone who intentionally fails to provide legally required information or notices to a public servant?,"the penalty is simple imprisonment for a term which may extend to one month, or a fine which may extend to five hundred rupees, or both.",IPC,law_info
what is the punishment for a person who has been made a proclaimed offender under subsection 4?,the person shall be punished with imprisonment for a term which may extend to seven years and shall also be liable to fine.,IPC,law_info
what is the maximum term of imprisonment and other liability for a person made a proclaimed offender under subsection 4?,the maximum term of imprisonment may extend to seven years and the person shall also be liable to a fine.,IPC,law_info
"what is the punishment for someone who, being legally bound to provide information, furnishes false information to a public servant?","they can be punished with simple imprisonment for a term which may extend to six months, or with fine which may extend to one thousand rupees, or with both.",IPC,law_info
"what is the potential penalty for someone who, being legally obligated to share accurate information, gives false information to a public servant?","the person could face simple imprisonment for a term that may extend up to six months, a fine that could reach one thousand rupees, or both.",IPC,law_info
"what is the punishment if the false information given by someone legally bound to do so respects the commission of an offence, or is required for preventing an offence, or apprehension of an offender?","they can be punished with imprisonment of either description for a term which may extend to two years, or with fine, or with both.",IPC,law_info
"what could potentially happen to someone who provides false information while legally bound to do so, in relation to the commission of an offence, prevention of an offence, or apprehension of an offender?","they can be punished with imprisonment of either description for a term which may extend to two years, or with fine, or with both.",IPC,law_info
what is the example provided for someone furnishing false information about the commission of a murder?,"a, a landholder, knowing of the commission of a murder within the limits of his estate, wilfully misinforms the magistrate of the district that the death has occurred by accident in consequence of the bite of a snake.",IPC,law_info
"who misinformed the magistrate of a district about a murder in his estate, claiming it was an accidental death caused by a snake bite?","a, a landholder",IPC,law_info
what is the example provided for a village watchman furnishing false information about a group planning to commit a dacoity?,"a, a village watchman, knowing that a considerable body of strangers has passed through his village in order to commit a dacoity in the house of z, a wealthy merchant residing in a neighbouring place, and being bound under clause 5, section vii, regulation iii, 1821, of the bengal code, to give early and punctual information of the above fact to the officer.",IPC,law_info
"who is obligated under clause 5, section vii, regulation iii, 1821, of the bengal code to provide information about a group of strangers planning to commit dacoity in the house of a neighboring wealthy merchant?","a, a village watchman, is obligated to provide this information.",IPC,law_info
what is a guilty of if he misinforms the police officer about suspicious characters intending to commit dacoity?,a is guilty of the offence defined in the latter part of this section.,IPC,law_info
who is guilty of the offence defined in the latter part of this section?,a is guilty if he misinforms the police officer about suspicious characters intending to commit dacoity.,IPC,law_info
"what includes any act committed at any place out of india, if committed in india, would be punishable under specific sections?",the word offence includes any such act.,IPC,law_info
"what term is used to describe any act committed at any place out of india, that if committed in india, would be punishable under specific sections?",the word offence is used to describe such acts.,IPC,law_info
who does the word offender include?,the word offender includes any person who is alleged to have been guilty of any such act.,IPC,law_info
who is referred to as a person who is alleged to have been guilty of any such act?,a person who is alleged to have been guilty of any such act is referred to as an offender.,IPC,law_info
"what is the punishment for refusing to bind oneself by an oath to state the truth, when required by a public servant?","the punishment is a simple imprisonment for a term which may extend to six months, or with fine which may extend to one thousand rupees, or with both.",IPC,law_info
what are the potential consequences for not swearing to tell the truth when asked by a public official?,"the potential consequences are a simple imprisonment for a term which may extend to six months, a fine which may extend to one thousand rupees, or both.",IPC,law_info
"what is the punishment for refusing to answer any question demanded by a public servant, when bound to state the truth on any subject?","the punishment is a simple imprisonment for a term which may extend to six months, or with fine which may extend to one thousand rupees, or with both.",IPC,law_info
"what is the punishment for someone who refuses to answer any question demanded by a public servant under oath, in terms of imprisonment duration and potential fines?","the individual may face a simple imprisonment for a term which may extend to six months, a fine which may extend to one thousand rupees, or both.",IPC,law_info
what is the punishment for refusing to sign any statement made by oneself when required by a public servant?,"the punishment is a simple imprisonment for a term which may extend to three months, or with fine which may extend to five hundred rupees, or with both.",IPC,law_info
"what is the consequence for someone who gets a simple imprisonment for a term which may extend to three months, or with fine which may extend to five hundred rupees, or with both?",the consequence is for refusing to sign any statement made by oneself when required by a public servant.,IPC,law_info
"what is the punishment for making a false statement, knowing or believing it to be false, to a public servant or other person authorized by law to administer an oath?","the punishment is imprisonment of either description for a term which may extend to three years, and shall also be liable to fine.",IPC,law_info
what is the possible penalty for knowingly making a false statement to a public servant or a person authorized by law to administer an oath?,"the possible penalty is imprisonment of either description for a term which may extend to three years, and may also include a fine.",IPC,law_info
what is the law against providing false information to a public servant with the intention to cause them to misuse their lawful power?,"whoever gives to any public servant any information which he knows or believes to be false, intending thereby to cause, or knowing it to be likely that he will thereby cause, such public servant to misuse their lawful power to the injury or annoyance of any person, shall be punished with imprisonment for a term which may extend to six months, or with fine which may extend to one thousand rupees, or with both.",IPC,law_info
what is the punishment for giving false information to a public servant with the intention of causing them to misuse their lawful power?,"the punishment for giving false information to a public servant with the intention of causing them to misuse their lawful power is imprisonment for a term which may extend to six months, or a fine which may extend to one thousand rupees, or both.",IPC,law_info
what is an example of providing false information to a public servant with intent to cause injury to another person?,"an example is when a informs a magistrate that z, a policeofficer, subordinate to such magistrate, has been guilty of neglect of duty or misconduct, knowing such information to be false, and knowing it to be likely that the information will cause the magistrate to dismiss z. a has committed the offence defined in this section.",IPC,law_info
"what offence has a committed by falsely informing a magistrate about zs neglect of duty or misconduct, with the knowledge that this false information could likely lead to zs dismissal?",a has committed the offence of providing false information to a public servant with intent to cause injury to another person.,IPC,law_info
"what offence is committed when a person falsely informs a public servant about illegal activities, knowing the information to be false?",the offence committed in this scenario is providing false information to a public servant with the intention of causing annoyance or instigating a search.,IPC,law_info
what crime is committed when someone provides false information to a public servant with the intention of causing annoyance or instigating a search?,"when a person falsely informs a public servant about illegal activities, knowing the information to be false, they commit the offense of providing false information to a public servant with the intention of causing annoyance or instigating a search.",IPC,law_info
what is the punishment for offering resistance to the taking of any property by the lawful authority of a public servant?,"the punishment can be imprisonment for a term which may extend to six months, or a fine which may extend to one thousand rupees, or both.",IPC,law_info
what can the punishment extend to if one offers resistance to the taking of any property by the lawful authority of a public servant?,"the punishment can extend to imprisonment for a term of up to six months, a fine of up to one thousand rupees, or both.",IPC,law_info
what offence is committed when someone intentionally obstructs any sale of property offered for sale by the lawful authority of a public servant?,the offence committed in this scenario is obstructing sale of property offered for sale by authority of public servant.,IPC,law_info
what is the offense called when a person obstructs the sale of property offered for sale by the authority of a public servant?,the offence is called obstructing sale of property offered for sale by authority of public servant.,IPC,law_info
what is the punishment for obstructing a sale of property offered for sale by the lawful authority of a public servant?,"the punishment can be imprisonment for a term which may extend to one month, or a fine which may extend to five hundred rupees, or both.",IPC,law_info
what can the punishment be for obstructing a sale of property offered for sale by a lawful public servant?,"the punishment can be imprisonment for a term which may extend to one month, or a fine which may extend to five hundred rupees, or both.",IPC,law_info
what offence is committed when someone purchases or bids for property on behalf of a person who is legally incapable of purchasing that property at a sale held by a public servant?,the offence committed in this scenario is illegal purchase or bid for property offered for sale by authority of public servant.,IPC,law_info
in what scenario is the offence of illegal purchase or bid for property offered for sale by authority of public servant committed?,this offence is committed when someone purchases or bids for property on behalf of a person who is legally incapable of purchasing that property at a sale held by a public servant.,IPC,law_info
what is the punishment for obstructing a public servant in the discharge of his public functions?,"the punishment is imprisonment of either description for a term which may extend to three months, or with fine which may extend to five hundred rupees, or with both.",IPC,law_info
what does the punishment for obstructing a public servant in the discharge of his public functions include?,"it includes imprisonment of either description for a term which may extend to three months, or with fine which may extend to five hundred rupees, or with both.",IPC,law_info
what is the penalty for omitting to assist a public servant when bound by law to give assistance?,"the penalty is simple imprisonment for a term which may extend to one month, or with fine which may extend to two hundred rupees, or with both.",IPC,law_info
what is the punishment for failing to assist a public servant when required by law?,"the punishment is simple imprisonment for a term which may extend to one month, or with fine which may extend to two hundred rupees, or with both.",IPC,law_info
"what if such assistance is demanded for the purposes of executing any process lawfully issued by a court of justice, or of preventing the commission of an offence, or suppressing a riot, or affray, or of apprehending a person charged with or guilty of an offence, or of having escaped from lawful custody?","the punishment is simple imprisonment for a term which may extend to six months, or with fine which may extend to five hundred rupees, or with both.",IPC,law_info
"what is the punishment for demanding assistance for executing any process issued by a court of justice, preventing an offence, suppressing a riot or affray, or apprehending a person charged with or guilty of an offence or that has escaped from lawful custody?","the punishment is simple imprisonment for a term which may extend to six months, or with fine which may extend to five hundred rupees, or with both.",IPC,law_info
what is the punishment for disobedience to order duly promulgated by a public servant?,the details of the punishment are not fully provided in the text.,IPC,law_info
what information is provided in the text regarding the punishment for disobedience to an order duly promulgated by a public servant?,the details of the punishment are not fully provided in the text.,IPC,law_info
"what is the punishment for causing obstruction, annoyance or injury to any persons lawfully employed?","simple imprisonment for a term which may extend to one month or with fine which may extend to two hundred rupees, or with both",IPC,law_info
"what is the consequence of simple imprisonment for a term which may extend to one month or with a fine which may extend to two hundred rupees, or both?","it is the punishment for causing obstruction, annoyance or injury to any persons lawfully employed.",IPC,law_info
"what is the punishment if such disobedience causes or tends to cause danger to human life, health or safety, or causes or tends to cause a riot or affray?","imprisonment of either description for a term which may extend to six months, or with fine which may extend to one thousand rupees, or with both",IPC,law_info
"what is the penalty for an act that causes or tends to cause danger to human life, health or safety, or causes or tends to cause a riot or affray?","imprisonment of either description for a term which may extend to six months, or with fine which may extend to one thousand rupees, or with both",IPC,law_info
"is it necessary that the offender should intend to produce harm, or contemplate his disobedience as likely to produce harm?","no, it is sufficient that he knows of the order which he disobeys, and that his disobedience produces, or is likely to produce, harm.",IPC,law_info
is it enough for the offender to know of the order he disobeys and that his disobedience could potentially cause harm?,"yes, it is sufficient that he knows of the order which he disobeys, and that his disobedience produces, or is likely to produce, harm.",IPC,law_info
what does section 189 deal with?,"it deals with the threat of injury to public servant and the punishment is imprisonment of either description for a term which may extend to two years, or with fine, or with both.",IPC,law_info
"which section deals with the threat of injury to a public servant and has a punishment of imprisonment of either description for a term which may extend to two years, or with fine, or with both?",section 189 deals with this.,IPC,law_info
what does section 190 deal with?,it deals with the threat of injury to induce person to refrain from applying for protection to public servant.,IPC,law_info
which section deals with the threat of injury to induce person to refrain from applying for protection to public servant?,section 190 deals with it.,IPC,law_info
what is the punishment for not obeying a legal direction?,"the punishment for not obeying a legal direction can be imprisonment for a term which may extend to one year, or with fine, or with both.",IPC,law_info
what can happen if you are imprisoned for not obeying a legal direction?,"if you do not obey a legal direction, you can be imprisoned for a term which may extend to one year, or you may be fined, or both.",IPC,law_info
what is the definition of giving false evidence according to chapter xi?,"giving false evidence is defined as making any statement which is false, and which the speaker either knows or believes to be false or does not believe to be true, while being legally bound by an oath or by an express provision of law to state the truth, or being bound by law to make a declaration upon any subject.",IPC,law_info
"what does it mean if someone makes a statement they either know or believe to be false, or do not believe to be true, and they are legally bound by an oath or by an express provision of law to state the truth, or are bound by law to make a declaration upon any subject?",this is defined as giving false evidence according to chapter xi.,IPC,law_info
what is the meaning of a statement according to explanation 1?,"according to explanation 1, a statement is within the meaning of this section, whether it is made verbally or otherwise.",IPC,law_info
"according to explanation 1, in what form can a statement be made to be within the meaning of this section?",a statement can be made verbally or otherwise to be within the meaning of this section according to explanation 1.,IPC,law_info
what does explanation 2 say about a persons belief in relation to giving false evidence?,"explanation 2 states that a person may be guilty of giving false evidence by stating that he believes a thing which he does not believe, as well as by stating that he knows a thing which he does not know.",IPC,law_info
what can make a person guilty of giving false evidence according to explanation 2?,"a person may be guilty of giving false evidence by stating that he believes a thing which he does not believe, as well as by stating that he knows a thing which he does not know.",IPC,law_info
what is the example of giving false evidence in illustration a?,"in illustration a, a gives false evidence when he falsely swears on a trial that he heard z admit the justice of bs claim, in support of a just claim which b has against z for one thousand rupees.",IPC,law_info
who gave false evidence in illustration a and what did this false evidence entail?,"a gave false evidence in illustration a, falsely swearing on a trial that he heard z admit the justice of bs claim, in support of a just claim which b has against z for one thousand rupees.",IPC,law_info
what is the example of giving false evidence in illustration b?,"in illustration b, a gives false evidence when he states that he believes a certain signature to be the handwriting of z, when he does not believe it to be so, being bound by an oath to state the truth.",IPC,law_info
what false evidence does a give in illustration b when bound by an oath to state the truth?,"a states that he believes a certain signature to be the handwriting of z, when he does not believe it to be so.",IPC,law_info
what is the example of not giving false evidence in illustration c?,"in illustration c, although the signature may not be the handwriting of z, a has not given false evidence as as statement is merely as to his belief, and is true as to his belief.",IPC,law_info
what does a state in illustration c that ensures he is not giving false evidence?,"in illustration c, a states that the signature may not be the handwriting of z, which is merely his belief, and is true as to his belief. this ensures that he is not giving false evidence.",IPC,law_info
what is the example of giving false evidence in illustration d?,"in illustration d, a gives false evidence when he states that he knows that z was at a particular place on a particular day, not knowing anything upon the subject, being bound by an oath to state the truth.",IPC,law_info
"who gives false evidence in illustration d by stating he knows that z was at a particular place on a specific day, despite not knowing anything about the subject and being bound by an oath to state the truth?",a gives false evidence in illustration d.,IPC,law_info
what is the action of an interpreter or translator certifying a false interpretation or translation as true referred to as?,giving false evidence,IPC,law_info
"what term is used to describe the act of providing incorrect or misleading information, especially in the context of interpretation or translation?",giving false evidence,IPC,law_info
what is the term for causing a false circumstance to exist or making a false entry with the intention for it to appear in a judicial proceeding?,fabricating false evidence,IPC,law_info
what does the term fabricating false evidence mean?,it is the term for causing a false circumstance to exist or making a false entry with the intention for it to appear in a judicial proceeding.,IPC,law_info
what is the consequence of intentionally giving false evidence or fabricating false evidence in a judicial proceeding?,punishment with imprisonment,IPC,law_info
what is the penalty for intentionally giving or fabricating false evidence in a judicial proceeding?,punishment with imprisonment,IPC,law_info
what is an example of fabricating false evidence relating to a box of jewels?,"a puts jewels into a box belonging to z, with the intention that they may be found in that box, and that this circumstance may cause z to be convicted of theft.",IPC,law_info
who put jewels into zs box with the intention to falsely convict z of theft?,a,IPC,law_info
what is an example of fabricating false evidence in relation to a shopbook entry?,a makes a false entry in his shopbook for the purpose of using it as corroborative evidence in a court of justice.,IPC,law_info
what does it mean when a makes a false entry in his shopbook for the purpose of using it as corroborative evidence in a court of justice?,it is an example of fabricating false evidence in relation to a shopbook entry.,IPC,law_info
what is an example of fabricating false evidence in the context of a criminal conspiracy?,"a, with the intention of causing z to be convicted of a criminal conspiracy, writes a letter in imitation of zs handwriting, purporting to be addressed to an accomplice in such criminal conspiracy, and puts the letter in a place which he knows that the officers of the police are likely to search.",IPC,law_info
"what could it mean if a writes a letter imitating zs handwriting, purporting it to be addressed to a criminal accomplice, and places it where police officers are likely to search?","this could be an example of fabricating false evidence in the context of a criminal conspiracy, with the intention of causing z to be convicted.",IPC,law_info
what is the punishment for intentionally giving or fabricating false evidence in any case?,"imprisonment of either description for a term which may extend to three years, and shall also be liable to fine.",IPC,law_info
"what crime is punishable by imprisonment of either description for a term which may extend to three years, and also includes a liability to fine?",intentionally giving or fabricating false evidence in any case,IPC,law_info
what is considered a judicial proceeding according to explanation 1?,a trial before a courtmartial is a judicial proceeding.,IPC,law_info
what type of proceeding is a trial before a courtmartial according to explanation 1?,a trial before a courtmartial is considered a judicial proceeding.,IPC,law_info
what is considered a stage of a judicial proceeding according to explanation 2?,an investigation directed by law preliminary to a proceeding before a court of justice.,IPC,law_info
what is an investigation directed by law preliminary to a proceeding before a court of justice referred to in explanation 2?,it is considered a stage of a judicial proceeding.,IPC,law_info
what is the punishment for giving or fabricating false evidence with intent to procure the conviction of a capital offence?,"imprisonment for life, or with rigorous imprisonment for a term which may extend to ten years, and shall also be liable to fine.",IPC,law_info
what does the law state as the penalty for giving or fabricating false evidence with intent to cause a capital offense conviction?,"the penalty is imprisonment for life, or with rigorous imprisonment for a term which may extend to ten years, and the person shall also be liable to fine.",IPC,law_info
what is considered a stage of a judicial proceeding according to explanation 3?,"an investigation directed by a court of justice according to law, and conducted under the authority of a court of justice.",IPC,law_info
what is an investigation directed by a court of justice according to law and conducted under the authority of a court of justice referred to in explanation 3?,it is considered a stage of a judicial proceeding.,IPC,law_info
what is the punishment for giving false evidence which leads to the conviction and execution of an innocent person?,the person who gives such false evidence shall be punished either with death or the punishment described earlier in the law.,IPC,law_info
what will happen to someone who provides false evidence that results in the wrongful conviction and execution of an innocent individual?,the person who gives such false evidence shall be punished either with death or the punishment described earlier in the law.,IPC,law_info
what is the punishment for giving or fabricating false evidence with the intent to cause a conviction for an offence punishable with imprisonment for life or a term of seven years or upwards?,the person who gives or fabricates such false evidence shall be punished as a person convicted of that offence would be liable to be punished.,IPC,law_info
what happens to a person who gives or fabricates false evidence with the intent to cause a conviction for an offence punishable with imprisonment for life or a term of seven years or upwards?,the person who gives or fabricates such false evidence shall be punished as a person convicted of that offence would be liable to be punished.,IPC,law_info
what is the punishment for threatening any person to give false evidence?,"the person who threatens another to give false evidence shall be punished with imprisonment of either description for a term which may extend to seven years, or with fine, or with both.",IPC,law_info
what is the potential penalty for someone who coerces another individual into providing deceptive testimonies?,"the individual who coerces another into providing false testimonies may face up to seven years in prison, a fine, or both.",IPC,law_info
what is the potential additional punishment if the false evidence leads to an innocent person being convicted and sentenced?,"if an innocent person is convicted and sentenced as a result of such false evidence, the person who gave or threatened for false evidence could be punished with death or imprisonment for more than seven years.",IPC,law_info
what could be the punishment for a person who gave or threatened for false evidence that led to an innocent person being convicted and sentenced?,the person who gave or threatened for false evidence could be punished with death or imprisonment for more than seven years.,IPC,law_info
what is the punishment for using evidence known to be false?,the person shall be punished in the same manner as if he gave or fabricated false evidence.,IPC,law_info
what happens to a person who gives or fabricates false evidence?,the person shall be punished in the same manner as if he used evidence known to be false.,IPC,law_info
what is the consequence for issuing or signing a false certificate?,the person shall be punished in the same manner as if he gave false evidence.,IPC,law_info
what is the punishment for someone who gives false evidence?,the person shall be punished in the same manner as if he issued or signed a false certificate.,IPC,law_info
what is the penalty for using a false certificate as if it were true?,the person shall be punished in the same manner as if he gave false evidence.,IPC,law_info
how is a person punished if they use a false certificate as if it were true?,the person shall be punished in the same manner as if he gave false evidence.,IPC,law_info
what is the consequence of making a false statement in a declaration which is legally receivable as evidence?,the person shall be punished in the same manner as if he gave false evidence.,IPC,law_info
what happens to an individual who gives false evidence?,the person shall be punished in the same manner as if he made a false statement in a declaration which is legally receivable as evidence.,IPC,law_info
what is the punishment for using a false declaration as if it were true?,the person shall be punished in the same manner as if he gave false evidence.,IPC,law_info
what is the punishment for someone who gave false evidence?,the person shall be punished in the same manner as if he used a false declaration as if it were true.,IPC,law_info
what is the punishment for someone who hides evidence or gives false information about a capital offence?,"the person shall be punished with imprisonment of either description for a term which may extend to seven years, and shall also be liable to fine.",IPC,law_info
what is the potential punishment for a person who is found guilty of concealing evidence or providing false information related to a serious crime?,"the person shall be punished with imprisonment of either description for a term which may extend to seven years, and shall also be liable to fine.",IPC,law_info
what is the punishment for someone who hides evidence or gives false information about an offence punishable with imprisonment for life?,"the person shall be punished with imprisonment of either description for a term which may extend to three years, and shall also be liable to fine.",IPC,law_info
what is the penalty for a person who has been found guilty of hiding evidence or providing false information about a crime that could lead to a life sentence?,"the person shall be punished with imprisonment of either description for a term which may extend to three years, and shall also be liable to fine.",IPC,law_info
what is the punishment for someone who hides evidence or gives false information about an offence punishable with less than ten years imprisonment?,"the person shall be punished with imprisonment of the description provided for the offence, for a term which may extend to onefourth part of the longest term of the imprisonment provided for the offence, or with fine, or with both.",IPC,law_info
what is the potential penalty for someone who obstructs justice by either concealing evidence or providing false information about an offence that carries a maximum sentence of less than ten years?,"the potential penalty for such obstruction of justice can extend up to onefourth of the longest term of the imprisonment provided for the original offence. the person can also be punished with a fine, or a combination of imprisonment and fine.",IPC,law_info
what happens if a person assists in hiding the body of a murder victim?,"the person, knowing the murderer and the crime, can be liable to imprisonment of either description for seven years, and also to fine.",IPC,law_info
what could be the legal consequence for a person who knows about a murder and helps in hiding the victims body?,"the person can be liable to imprisonment of either description for seven years, and also to fine.",IPC,law_info
what is the punishment for intentionally omitting to give information of an offence by a person who is legally bound to inform?,"the punishment is imprisonment of either description for a term which may extend to six months, or with fine, or with both.",IPC,law_info
what could be the possible consequences for someone who intentionally omits to give information of an offence they are legally bound to inform about?,"the punishment is imprisonment of either description for a term which may extend to six months, or with fine, or with both.",IPC,law_info
what is the punishment for giving false information respecting an offence committed?,"the punishment is imprisonment of either description for a term which may extend to two years, or with fine, or with both.",IPC,law_info
what is the possible sentence for a person who is convicted for providing false information about a crime committed?,"the sentence could be imprisonment of either description for a term which may extend to two years, or with fine, or with both.",IPC,law_info
does the term offence also include acts committed out of india?,"yes, the term offence includes any act committed at any place out of india, which, if committed in india, would be punishable under certain sections.",IPC,law_info
does the term offence include acts committed at any place outside of india that would be punishable under certain sections if committed in india?,yes,IPC,law_info
what is the punishment for destroying a document to prevent its production as evidence?,"the punishment is imprisonment of either description for a term which may extend to two years, or with fine, or with both.",IPC,law_info
"what is the punishment that may extend to two years, or with fine, or with both, for?",the punishment is for destroying a document to prevent its production as evidence.,IPC,law_info
what is the crime of false personation for purpose of act or proceeding in suit or prosecution?,it involves someone falsely personating another and in such assumed character makes an admission.,IPC,law_info
what does it mean when someone falsely personates another and in such assumed character makes an admission?,this is the crime of false personation for purpose of act or proceeding in suit or prosecution.,IPC,law_info
what is the punishment for anyone who does any act in any suit or criminal prosecution?,"punishment is imprisonment of either description for a term which may extend to three years, or with fine, or with both.",IPC,law_info
"what is the maximum duration for imprisonment, or the alternative punishments, for someone who commits an act in any suit or criminal prosecution?","the maximum duration for imprisonment is three years. the alternative punishments could be a fine, or both a fine and imprisonment.",IPC,law_info
what is the offense and punishment for fraudulently removing or concealing property to prevent its seizure as forfeited or in execution?,"the offense is committed when a person fraudulently removes, conceals, transfers or delivers to any person any property or any interest therein, intending thereby to prevent that property or interest therein from being taken as a forfeiture or in satisfaction of a fine. the punishment is imprisonment of either description for a term which may extend to two years or with fine, or with both.",IPC,law_info
"what does it mean when a person fraudulently removes, conceals, transfers or delivers to any person any property or any interest therein, intending thereby to prevent that property or interest therein from being taken as a forfeiture or in satisfaction of a fine, and what is the potential punishment?","this is known as the offense of fraudulently removing or concealing property to prevent its seizure as forfeited or in execution. the punishment for this offense may include imprisonment for a term that could extend to two years, a fine, or both.",IPC,law_info
what is the punishment for fraudulent claim to property to prevent its seizure as forfeited or in execution?,the law does not state a specific punishment for this offense in the provided text.,IPC,law_info
does the law state a specific punishment for the offense of fraudulent claim to property to prevent its seizure as forfeited or in execution in the provided text?,"no, the law does not state a specific punishment for this offense in the provided text.",IPC,law_info
what does it mean to fraudulently claim property to prevent its seizure as forfeited or in execution?,"it means to fraudulently accept, receive or claim any property or any interest therein, knowing that one has no right or rightful claim to such property or interest, with the intention of preventing that property or interest therein from being taken as a forfeiture or in satisfaction of a fine.",IPC,law_info
"what does it mean to fraudulently accept, receive or claim any property or any interest therein, knowing that one has no right or rightful claim to such property or interest, with the intention of preventing that property or interest therein from being taken as a forfeiture or in satisfaction of a fine?",it means to fraudulently claim property to prevent its seizure as forfeited or in execution.,IPC,law_info
what is the punishment for knowingly disobeying a court order in a civil suit?,"the punishment can extend to two years of imprisonment, or a fine, or both.",IPC,law_info
what can potentially happen if someone knowingly disobeys a court order in a civil suit?,"the punishment can extend to two years of imprisonment, or a fine, or both.",IPC,law_info
what is the consequence of fraudulently causing a decree or order to be passed for a sum not due?,"the person can be punished with imprisonment of up to two years, or with a fine, or with both.",IPC,law_info
what is the punishment for someone who fraudulently causes a decree or order to be passed for a sum not due?,"the person can be punished with imprisonment of up to two years, or with a fine, or with both.",IPC,law_info
what is the punishment for fraudulently obtaining a decree for a sum not due?,"the punishment can extend to two years of imprisonment, or a fine, or both.",IPC,law_info
"what is the maximum punishment for a crime that can lead to two years of imprisonment, a fine, or both?","fraudulently obtaining a decree for a sum not due can lead to a maximum punishment of two years of imprisonment, a fine, or both.",IPC,law_info
what is the penalty for dishonestly making a false claim in court?,"the person can be punished with imprisonment of up to two years, and can also be liable to a fine.",IPC,law_info
what are the potential punishments for a person who dishonestly makes a false claim in court?,"the person can be punished with imprisonment of up to two years, and can also be liable to a fine.",IPC,law_info
what happens if someone fraudulently causes an order to be executed against him after it has been satisfied?,"the person can be punished with imprisonment of up to two years, or with a fine, or with both.",IPC,law_info
what are the potential consequences for a person who fraudulently causes an order to be executed against him after it has been satisfied?,"the person can be punished with imprisonment of up to two years, or with a fine, or with both.",IPC,law_info
what is the punishment for fraudulently permitting any such act to be done in his name?,"imprisonment of either description for a term which may extend to two years, or with fine, or with both.",IPC,law_info
what may be the possible consequences if someone is found guilty of fraudulently permitting an act to be done in his name?,"imprisonment of either description for a term which may extend to two years, or with fine, or with both.",IPC,law_info
what is the punishment for making a false charge of offence with intent to injure?,"imprisonment of either description for a term which may extend to two years, or with fine, or with both.",IPC,law_info
what can be the possible outcomes if someone is found guilty of making a false charge of offence with an intent to injure?,"they may be subjected to imprisonment of either description for a term which may extend to two years, or with a fine, or with both.",IPC,law_info
what is the stricter punishment if the false charge is an offence punishable with death?,"imprisonment of either description for a term which may extend to seven years, and shall also be liable to fine.",IPC,law_info
what is the punishment for falsely charging someone with a crime that is punishable by death?,"imprisonment of either description for a term which may extend to seven years, and shall also be liable to fine.",IPC,law_info
what is the punishment for harbouring or concealing a person known to be the offender of a committed offence?,"depends on the severity of the offence committed. it ranges from imprisonment for a term which may extend to one year to five years, and the offender may also be liable to fine.",IPC,law_info
what is the range of imprisonment and other liabilities for someone who harbours or conceals a known offender?,"the range of imprisonment for someone harbouring or concealing a known offender may extend from one year to five years, and they may also be liable to a fine. however, the severity of the punishment depends on the severity of the offence committed.",IPC,law_info
"what is the punishment if the offence committed by the person being harboured is punishable with imprisonment for life, or with imprisonment which may extend to ten years?","the harbourer shall be punished with imprisonment of either description for a term which may extend to three years, and shall also be liable to fine.",IPC,law_info
what is the penalty for someone who harbours a person whose offence is punishable with imprisonment for life or up to ten years?,"the harbourer shall be punished with imprisonment of either description for a term which may extend to three years, and shall also be liable to fine.",IPC,law_info
what is the term of imprisonment for concealing an offender?,the term of imprisonment for concealing an offender may extend to onefourth part of the longest term of imprisonment provided for the offence.,IPC,law_info
what is the maximum potential punishment for someone who is convicted of concealing an offender?,the maximum potential punishment for someone who is convicted of concealing an offender is onefourth part of the longest term of imprisonment provided for the offence.,IPC,law_info
what does the term offence include in the context of this section?,"offence includes any act committed at any place out of india, which, if committed in india, would be punishable under specific sections.",IPC,law_info
"where can an act be committed to be considered an offence under specific sections, according to this section?","an act can be considered an offence under specific sections even if it is committed at any place out of india, as long as it would be punishable if committed in india.",IPC,law_info
what is the exception to the provision of concealing an offender?,the provision does not extend to any case where the harbour or concealment is by the husband or wife of the offender.,IPC,law_info
to whom does the provision of concealing an offender not extend?,the provision does not extend to any case where the harbour or concealment is by the husband or wife of the offender.,IPC,law_info
what is the punishment for accepting a gift to screen an offender from punishment?,"if the offence is punishable with death, the person shall be punished with imprisonment of either description for a term which may extend to seven years, and shall also be liable to fine.",IPC,law_info
what is the maximum term of imprisonment for a person who accepts a gift to screen an offender from a crime punishable with death?,the maximum term of imprisonment is seven years.,IPC,law_info
what is the punishment for concealing an offender who has committed a capital offence?,"the person shall be punished with imprisonment which may extend to seven years, and shall also be liable to fine.",IPC,law_info
what is the maximum length of imprisonment and additional liability if someone is found guilty of concealing an offender who has committed a capital offence?,"the maximum length of imprisonment could be up to seven years, and the person may also be liable to a fine.",IPC,law_info
"what is the punishment for giving gratification to any person, or restoring any property to any person, in consideration of that persons concealing an offence?","if the offence is punishable with death, the person will be punished with imprisonment of either description for a term which may extend to seven years, and shall also be liable to fine. if the offence is punishable with imprisonment for life or with imprisonment which may extend to ten years, the person shall be punished with imprisonment of either description for a term which may extend to three years, and shall also be liable to fine. if the offence is punishable with imprisonment not extending to ten years, the person shall be punished with imprisonment of the description provided for the offence for a term which may extend to onefourth part of the longest term of imprisonment provided for the offence, or with fine, or with both.",IPC,law_info
"what is the duration of imprisonment and possible fines for someone who gives gratification to another person or restores property to them in exchange for concealing an offence, if the offence is punishable with death, punishable with imprisonment for life or up to ten years, or punishable with imprisonment not exceeding ten years?","if the offence is punishable with death, the person will be punished with imprisonment of either description for a term which may extend to seven years, and shall also be liable to fine. if the offence is punishable with imprisonment for life or with imprisonment which may extend to ten years, the person shall be punished with imprisonment of either description for a term which may extend to three years, and shall also be liable to fine. if the offence is punishable with imprisonment not extending to ten years, the person shall be punished with imprisonment of the description provided for the offence for a term which may extend to onefourth part of the longest term of imprisonment provided for the offence, or with fine, or with both.",IPC,law_info
what is the exception to the provisions of sections 213 and 214?,the provisions of sections 213 and 214 do not extend to any case in which the offence may lawfully be compounded.,IPC,law_info
to what cases do the provisions of sections 213 and 214 not extend?,the provisions of sections 213 and 214 do not extend to any case in which the offence may lawfully be compounded.,IPC,law_info
what is the punishment if the offence is punishable with imprisonment not extending to ten years?,"the person shall be punished with imprisonment of the description provided for the offence for a term which may extend to onefourth part of the longest term of imprisonment provided for the offence, or with fine, or with both.",IPC,law_info
what is the term of imprisonment or other penalties for someone who has committed an offence for which the longest term of imprisonment provided does not exceed ten years?,"the person shall be punished with imprisonment of the description provided for the offence for a term which may extend to onefourth part of the longest term of imprisonment provided for the offence, or with fine, or with both.",IPC,law_info
what is the punishment if the offence is punishable with death?,"the person will be punished with imprisonment of either description for a term which may extend to seven years, and shall also be liable to fine.",IPC,law_info
what is the punishment for an offence that is liable to fine and imprisonment for a term which may extend to seven years?,the offence is punishable with death.,IPC,law_info
"what is the punishment if the offence is punishable with imprisonment for life, or with imprisonment which may extend to ten years?","the person shall be punished with imprisonment of either description for a term which may extend to three years, and shall also be liable to fine.",IPC,law_info
"what is the punishment for an offence that is punishable with imprisonment of either description for a term which may extend to three years, and also includes a liability to a fine?","the offence is punishable with imprisonment for life, or with imprisonment which may extend to ten years.",IPC,law_info
what is the punishment for taking a gift to help recover stolen property under section 215 of this code?,"unless the person uses all means in his power to cause the offender to be apprehended and convicted of the offence, the punishment is imprisonment of either description for a term which may extend to two years, or with fine, or with both.",IPC,law_info
what happens if a person does not use all means in his power to cause the offender to be apprehended and convicted after taking a gift to help recover stolen property under section 215 of this code?,"the punishment is imprisonment of either description for a term which may extend to two years, or with fine, or with both.",IPC,law_info
what is the punishment for harbouring an offender who has escaped from custody or whose apprehension has been ordered under section 216 of the code?,"the punishment varies based on the severity of the offence for which the person was in custody or is ordered to be apprehended. for a capital offence, the punishment is imprisonment of either description for a term which may extend to seven years, and liable to fine. if the offence is punishable with imprisonment for life or imprisonment for ten years, the punishment is imprisonment of either description for a term which may extend to three years, with or without fine. if the offence is punishable with imprisonment which may extend to one year and not to ten years, the person shall be punished with imprisonment of the description provided for the offence.",IPC,law_info
"what is the specific punishment for harbouring an offender who was in custody for a capital offence, an offence punishable with life imprisonment or imprisonment for ten years, or an offence punishable with imprisonment for up to a year and not to ten years, as per section 216 of the code?","for harbouring an offender who was in custody for a capital offence, the punishment is imprisonment of either description for a term which may extend to seven years, and liable to fine. if the offender was in custody for an offence punishable with imprisonment for life or imprisonment for ten years, the punishment is imprisonment of either description for a term which may extend to three years, with or without fine. if the offender was in custody for an offence punishable with imprisonment which may extend to one year and not to ten years, the person harbouring him shall be punished with imprisonment of the description provided for the offence.",IPC,law_info
what does a person need to do to avoid punishment after taking a gift to help recover stolen property?,the person must use all means in his power to cause the offender to be apprehended and convicted of the offence.,IPC,law_info
what must a person do after taking a gift to help recover stolen property to avoid punishment?,the person must use all means in his power to cause the offender to be apprehended and convicted of the offence.,IPC,law_info
what does harbouring offender mean under section 216 of the code?,"harbouring offender refers to someone who, knowing of the offenders escape or order for apprehension, shelters or hides that person with the intention of preventing him from being apprehended.",IPC,law_info
who is considered as harbouring offender?,"someone who, knowing of the offenders escape or order for apprehension, shelters or hides that person with the intention of preventing him from being apprehended is considered as harbouring offender.",IPC,law_info
what is the penalty for harbouring robbers or dacoits?,"the penalty for harbouring robbers or dacoits is rigorous imprisonment for a term which may extend to seven years, and shall also be liable to fine.",IPC,law_info
"what is the punishment for someone who harbors robbers or dacoits, in terms of imprisonment and fines?","the punishment is rigorous imprisonment which may extend up to seven years, along with a liable fine.",IPC,law_info
what is included in the term offence in this context?,"the term offence includes any act or omission of which a person is alleged to have been guilty out of india, which, if he had been guilty of it in india, would have been punishable as an offence.",IPC,law_info
"what act or omission, if committed in india, would be considered as an offence according to indian law?","any act or omission of which a person is alleged to have been guilty out of india, if he had been guilty of it in india, would have been punishable as an offence.",IPC,law_info
what are the exceptions to the provision?,the provision does not extend to the case in which the harbour or concealment is by the husband or wife of the person to be apprehended or the offender.,IPC,law_info
to whom does the provision not extend in case of harbour or concealment?,the provision does not extend to the husband or wife of the person to be apprehended or the offender.,IPC,law_info
what does a public servant risk for disobeying direction of law with intent to save person from punishment or property from forfeiture?,the penal code does not provide specific punishments in this excerpt.,IPC,law_info
does the penal code provide specific punishments for a public servant who disobeys the direction of law with the intent to save a person from punishment or property from forfeiture?,"no, the penal code does not provide specific punishments in this excerpt.",IPC,law_info
what is the term of the longest imprisonment provided for such offence?,the term of the longest imprisonment provided for such offence is not specified in this excerpt.,IPC,law_info
is the term of the longest imprisonment provided for such offence specified in this excerpt?,"no, the term of the longest imprisonment provided for such offence is not specified in this excerpt.",IPC,law_info
what is the punishment for a public servant who intentionally conducts himself in a way to save someone from legal punishment or subject them to less punishment?,"the public servant shall be punished with imprisonment of either description for a term which may extend to two years, or with fine, or with both.",IPC,law_info
what could be the possible consequences if a public servant intentionally conducts himself in a way to save someone from legal punishment or subject them to less punishment?,"the public servant shall be punished with imprisonment of either description for a term which may extend to two years, or with fine, or with both.",IPC,law_info
what is the punishment for a public servant who frames an incorrect record or writing with the intent to save a person from legal punishment or save any property from forfeiture?,"the public servant shall be punished with imprisonment of either description for a term which may extend to three years, or with fine, or with both.",IPC,law_info
what is the maximum term of imprisonment or the alternative punishment for a public servant who intentionally frames an incorrect record or writing to save a person from legal punishment or save any property from forfeiture?,"the maximum term of imprisonment is three years, or they may be punished with a fine, or both.",IPC,law_info
"what is the penalty for a public servant who corruptly or maliciously makes a report, order, or verdict contrary to law in a judicial proceeding?","the text does not provide specific information on the penalty for a public servant who corruptly or maliciously makes a report, order, or verdict contrary to law in a judicial proceeding.",IPC,law_info
"does the text provide specific information on the penalty for a public servant who corruptly or maliciously makes a report, order, or verdict contrary to law in a judicial proceeding?","no, the text does not provide specific information on the penalty for a public servant who corruptly or maliciously makes a report, order, or verdict contrary to law in a judicial proceeding.",IPC,law_info
when were the words british india successively replaced in the document?,"the words british india have been successively substituted by the a. o. 1948, the a. o. 1950 and act 3 of 1951.",IPC,law_info
which documents or acts successively replaced the words british india?,"the words british india have been successively substituted by the a. o. 1948, the a. o. 1950 and act 3 of 1951.",IPC,law_info
what was omitted by act 3 of 1951?,"the words or under the fugitive offenders act, 1881, were omitted by act 3 of 1951.",IPC,law_info
"which act omitted the words or under the fugitive offenders act, 1881?","the words or under the fugitive offenders act, 1881, were omitted by act 3 of 1951.",IPC,law_info
what is the punishment for a person who knowingly makes a decision contrary to law?,"the punishment is imprisonment for a term which may extend to seven years, or with fine, or with both.",IPC,law_info
what is the maximum term of imprisonment or penalty for a person who knowingly acts contrary to law?,"the maximum term of imprisonment may extend to seven years, or with a fine, or with both.",IPC,law_info
"what is the punishment for a person in a legal authority who corruptly commits any person for trial or confinement, knowing they are acting contrary to the law?","the punishment is imprisonment for a term which may extend to seven years, or with fine, or with both.",IPC,law_info
"what is the maximum term of imprisonment, or other forms of punishment, for a legal authority figure who corruptly commits any person for trial or confinement, knowing they are acting against the law?","the maximum term of imprisonment can extend to seven years, or it can also be a fine, or both.",IPC,law_info
what is the punishment for a public servant who intentionally omits to apprehend a person charged with an offence punishable with death?,"the punishment is imprisonment for a term which may extend to seven years, with or without fine.",IPC,law_info
what is the maximum duration of imprisonment a public servant could face for intentionally omitting to apprehend a person charged with a capital offense?,the maximum duration of imprisonment is seven years.,IPC,law_info
what is the punishment for a public servant who intentionally omits to apprehend a person charged with an offence punishable with life imprisonment or imprisonment for a term which may extend to ten years?,"the punishment is imprisonment for a term which may extend to three years, with or without fine.",IPC,law_info
"what is the maximum punishment, with or without a fine, for a public servant who intentionally fails to apprehend a person charged with a serious offence?",the maximum punishment is imprisonment for a term which may extend to three years.,IPC,law_info
what is the punishment for a public servant who intentionally omits to apprehend a person charged with an offence punishable with imprisonment for a term which may extend to two years?,"the punishment is imprisonment of either description for a term which may extend to two years, with or without fine.",IPC,law_info
"what is the punishment for a public servant who intentionally fails to apprehend a person charged with a crime, which may include imprisonment of either description for a term which may extend to two years, with or without fine?","the punishment for such a public servant is a term of imprisonment which may extend to two years, for an offence punishable with imprisonment for a term which may extend to two years.",IPC,law_info
what is the punishment for a public servant who intentionally omits to apprehend a person under sentence of a court of justice?,"the public servant can be punished with imprisonment for life or with imprisonment of either description for a term which may extend to fourteen years, with or without fine.",IPC,law_info
what is the maximum potential punishment for a public servant who intentionally fails to apprehend a person under sentence of a court of justice?,"the maximum potential punishment is imprisonment for life or imprisonment of either description for up to fourteen years, with or without a fine.",IPC,law_info
what is the punishment if the person the public servant failed to apprehend was under sentence of death?,"the public servant can be punished with imprisonment for life or with imprisonment of either description for a term which may extend to fourteen years, with or without fine.",IPC,law_info
what is the maximum penalty a public servant can face if they fail to apprehend a person who is under sentence of death?,"the public servant can be punished with imprisonment for life or with imprisonment of either description for a term which may extend to fourteen years, with or without fine.",IPC,law_info
"what is the punishment if the person the public servant failed to apprehend was subject to imprisonment for life or imprisonment for a term of ten years, or upwards?","the public servant can be punished with imprisonment of either description for a term which may extend to seven years, with or without fine.",IPC,law_info
what is the potential punishment for a public servant who fails to apprehend a person subject to imprisonment for life or a term of ten years or more?,"the public servant can be punished with imprisonment of either description for a term which may extend to seven years, with or without fine.",IPC,law_info
what is the punishment if the person the public servant failed to apprehend was subject to imprisonment for a term not extending to ten years?,"the public servant can be punished with imprisonment of either description for a term which may extend to three years, or with fine, or with both.",IPC,law_info
what can be the punishment for a public servant who failed to apprehend a person who was subject to imprisonment for a term not extending to ten years?,"the public servant can be punished with imprisonment of either description for a term which may extend to three years, or with fine, or with both.",IPC,law_info
what is the punishment for a public servant who negligently suffers a person to escape from confinement or custody?,the text does not provide specific punishment details for this scenario.,IPC,law_info
does the text provide specific punishment details for a public servant who negligently allows a person to escape from confinement or custody?,"no, the text does not provide specific punishment details for this scenario.",IPC,law_info
what is the punishment for someone who negligently allows a person charged or convicted of an offence to escape from confinement?,"the person shall be punished with simple imprisonment for a term which may extend to two years, or with fine, or with both.",IPC,law_info
"what is the maximum term, fine, or both, for someone who is punished for negligently allowing a person charged or convicted of an offence to escape from confinement?","the maximum term is up to two years of simple imprisonment, or a fine, or both.",IPC,law_info
what is the punishment for a person who intentionally obstructs his lawful apprehension or attempts to escape from custody?,"the person shall be punished with imprisonment of either description for a term which may extend to two years, or with fine, or with both.",IPC,law_info
what is the potential punishment for someone who has been found guilty of intentionally obstructing their lawful apprehension or trying to escape from custody?,"the individual may face imprisonment of either description for a term which could extend to two years, or a fine, or both.",IPC,law_info
is the punishment for obstruction separate from the punishment for the original offence the person was charged with?,"yes, the punishment in this section is in addition to the punishment for which the person to be apprehended or detained in custody was liable for the offence with which he was charged, or of which he was convicted.",IPC,law_info
is the punishment mentioned in this section for obstruction in addition to the punishment that the person being apprehended or detained was liable for the offence they were charged with or convicted of?,"yes, the punishment for obstruction is separate from the punishment for the original offence the person was charged with.",IPC,law_info
what is the punishment for a person who obstructs the lawful apprehension of another person or attempts to rescue them from custody?,"the person shall be punished with imprisonment of either description for a term which may extend to two years, or with fine, or with both.",IPC,law_info
what does the law say about a person who obstructs the lawful apprehension of another person or attempts to rescue them from custody?,"the person shall be punished with imprisonment of either description for a term which may extend to two years, or with fine, or with both.",IPC,law_info
"what is the punishment if the person to be apprehended, or rescued, is charged with an offence punishable with imprisonment for life or a term which may extend to ten years?","the person shall be punished with imprisonment of either description for a term which may extend to three years, and shall also be liable to fine.",IPC,law_info
what is the punishment for someone who attempts to apprehend or rescue a person charged with an offence punishable with imprisonment for life or a term which may extend to ten years?,"the person shall be punished with imprisonment of either description for a term which may extend to three years, and shall also be liable to fine.",IPC,law_info
"what is the punishment if the person to be apprehended, or rescued, is charged with an offence punishable with death?",shall be punished with imprisonment.,IPC,law_info
what is the consequence for a person who tries to apprehend or rescue someone charged with an offence punishable with death?,they shall be punished with imprisonment.,IPC,law_info
what is the punishment for a person attempting to rescue someone who is liable to imprisonment for life?,"the punishment is imprisonment of either description for a term which may extend to seven years, and shall also be liable to fine.",IPC,law_info
what is the maximum sentence and additional liability for someone who attempts to rescue a person who is liable to life imprisonment?,"the maximum sentence is imprisonment of either description for a term which may extend to seven years, and the person is also liable to a fine.",IPC,law_info
what is the punishment for a person attempting to rescue someone who is under sentence of death?,"the punishment is imprisonment for life or imprisonment of either description for a term not exceeding ten years, and shall also be liable to fine.",IPC,law_info
what is the sentence for someone who is found guilty of trying to help a person escape who is under a death sentence?,"the sentence is life imprisonment or imprisonment not exceeding ten years, and the person can also be fined.",IPC,law_info
what actions does section 225a pertain to?,"section 225a pertains to the omission to apprehend, or sufferance of escape, on part of a public servant, in cases not otherwise provided for.",IPC,law_info
"which section of law pertains to the omission to apprehend, or sufferance of escape, on part of a public servant, in cases not otherwise provided for?",section 225a pertains to this.,IPC,law_info
what is the responsibility of a public servant as defined in section 225a?,"the public servant is legally bound to apprehend, or to keep in confinement, any person in any case not provided for in section 221, section 222 or section 223, or in any other law for the time being in force.",IPC,law_info
"in which section of the law is it defined that a public servant is legally bound to apprehend, or to keep in confinement, any person in cases not provided for in section 221, section 222 or section 223, or in any other law for the time being in force?",this is defined in section 225a.,IPC,law_info
what is the punishment for intentionally aiding someone to escape from confinement?,"the punishment is imprisonment of either description for a term which may extend to three years, or with fine or with both.",IPC,law_info
what can be the penalty for someone found guilty of intentionally helping another person to escape from confinement?,"the penalty is imprisonment of either description for a term which may extend to three years, or with fine or with both.",IPC,law_info
what is the punishment for negligently aiding someone to escape from confinement?,"the punishment is simple imprisonment for a term which may extend to two years, or with fine, or with both.",IPC,law_info
"what does simple imprisonment for a term which may extend to two years, or with fine, or with both, refer to in terms of punishment?",it refers to the punishment for negligently aiding someone to escape from confinement.,IPC,law_info
"what is the punishment for resistance or obstruction to lawful apprehension, or escape or rescue?","the punishment is imprisonment of either description for a term which may extend to six months, or with fine, or with both.",IPC,law_info
"what may be the possible penalties for someone who resists or obstructs lawful apprehension, or escapes or facilitates a rescue?","the possible penalties are imprisonment of either description for a term which may extend to six months, or with fine, or with both.",IPC,law_info
what is the punishment for violating the condition of remission of punishment?,"the punishment is the punishment to which the person was originally sentenced, if he has already suffered no part of that punishment, and if he has suffered any part of that punishment, then with so much of that punishment as he has not already suffered.",IPC,law_info
what happens to a person who was sentenced and given remission of punishment but violates the conditions of that remission?,"the person receives the punishment to which they were originally sentenced, if they have already suffered no part of that punishment. if they have suffered any part of that punishment, then they receive so much of that punishment as they have not already suffered.",IPC,law_info
what is the punishment for intentionally insulting or interrupting a public servant during a judicial proceeding?,"the punishment is simple imprisonment for a term which may extend to six months, or with fine which may extend to one thousand rupees.",IPC,law_info
what could be the possible consequences if someone intentionally insults or interrupts a public servant during a judicial proceeding?,"the punishment is simple imprisonment for a term which may extend to six months, or with fine which may extend to one thousand rupees.",IPC,law_info
what is the punishment for disclosing the identity of a victim of certain offences?,the punishment for disclosing the identity of a victim of certain offences is imprisonment for a term which may extend to two years and shall also be liable to fine.,IPC,law_info
"what is the consequence if someone discloses the identity of a victim of certain offences, in terms of imprisonment and fines?",the consequence of disclosing the identity of a victim of certain offences is imprisonment for a term which may extend to two years and the person shall also be liable to a fine.,IPC,law_info
under what conditions can the identity of the victim be made known?,"the identity of the victim can be made known if its under the order in writing of the officerincharge of the police station or the police officer making the investigation into such offence acting in good faith for the purposes of such investigation or by, or with the authorisation in writing of, the victim or where the victim is dead or minor or of unsound mind, by, or with the authorisation in writing of, the next of kin of the victim.",IPC,law_info
"who can authorize the disclosure of a victims identity in cases where the victim is deceased, a minor, or of unsound mind?","in cases where the victim is dead, a minor, or of unsound mind, their identity can be disclosed by, or with the authorisation in writing of, the next of kin of the victim.",IPC,law_info
who can the next of kin give authorisation to for the release of the victims identity?,"the next of kin can give authorisation to the chairman or the secretary, by whatever name called, of any recognised welfare institution or organisation.",IPC,law_info
who can the chairman or the secretary of any recognised welfare institution or organisation receive authorisation from for the release of a victims identity?,"the chairman or the secretary, by whatever name called, of any recognised welfare institution or organisation can receive authorisation from the next of kin.",IPC,law_info
what is a recognised welfare institution or organisation?,a recognised welfare institution or organisation is a social welfare institution or organisation recognised in this behalf by the central or state government.,IPC,law_info
who recognises a social welfare institution or organisation as a recognised welfare institution or organisation?,a social welfare institution or organisation is recognised as a welfare institution or organisation by the central or state government.,IPC,law_info
what is the punishment for the offence referred to in subsection 1 without previous permission of the court?,imprisonment of either description for a term which may extend to two years and shall also be liable to fine.,IPC,law_info
what can be the penal consequences of committing an offence without previous permission of the court under subsection 1?,imprisonment of either description for a term which may extend to two years and shall also be liable to fine.,IPC,law_info
what does the printing or publication of the judgment of any high court or the supreme court not amount to?,an offence within the meaning of this section.,IPC,law_info
what is the term for something that does not amount to an offence within the meaning of this section?,the printing or publication of the judgment of any high court or the supreme court,IPC,law_info
what is the punishment for personation of a juror or assessor?,"imprisonment of either description for a term which may extend to two years, or with fine, or with both.",IPC,law_info
"what could be the possible punishment for a crime that could extend up to two years of imprisonment, or with fine, or with both?",personation of a juror or assessor,IPC,law_info
what is the punishment for failure by person released on bail or bond to appear in court?,"imprisonment of either description for a term which may extend to one year, or with fine, or with both.",IPC,law_info
what is the potential penalty for a person who has been released on bail or bond but fails to appear in court?,"imprisonment of either description for a term which may extend to one year, or with fine, or with both.",IPC,law_info
what does the punishment under section 229a not prejudice?,the power of the court to order forfeiture of the bond.,IPC,law_info
under which section is the power of the court to order forfeiture of the bond not prejudiced?,section 229a,IPC,law_info
how is coin defined in section 230?,"coin is metal used for the time being as money, and stamped and issued by the authority of some state or sovereign power in order to be so used.",IPC,law_info
"what is the definition of a metal used as money, stamped and issued by the authority of some state or sovereign power for its use as such, as per section 230?",the term coin is defined as such in section 230.,IPC,law_info
what is an indian coin?,indian coin is metal stamped and issued by the authority of the government of india.,IPC,law_info
what is metal stamped and issued by the authority of the government of india?,an indian coin is metal stamped and issued by the authority of the government of india.,IPC,law_info
what is not considered as a coin according to the illustrations?,"cowries, lumps of unstamped copper used as money, and medals are not considered as coins.",IPC,law_info
"what are cowries, lumps of unstamped copper used as money, and medals considered as according to the illustrations?",they are not considered as coins.,IPC,law_info
what is the punishment for counterfeiting coin?,the punishment for counterfeiting coin is imprisonment for a term which may extend to seven years and a fine.,IPC,law_info
what is the maximum imprisonment term and potential additional consequence for coin counterfeiting?,the maximum imprisonment term for coin counterfeiting is seven years and it may also include a fine.,IPC,law_info
what is the punishment for counterfeiting indian coin?,"the punishment for counterfeiting indian coin is imprisonment for life or imprisonment for a term which may extend to ten years, and a fine.",IPC,law_info
what is the maximum imprisonment term and potential additional penalty for counterfeiting indian coin?,"the maximum imprisonment term for counterfeiting indian coin is imprisonment for life or a term which may extend to ten years, and a potential additional penalty is a fine.",IPC,law_info
what is the offense related to making or selling instrument for counterfeiting coin?,"making or mending, or performing any part of the process of making or mending, or buying, selling or disposing of any die or instrument for the purpose of counterfeiting coin is an offense.",IPC,law_info
"what constitutes the crime of making or mending, or performing any part of the process of making or mending, or buying, selling or disposing of any die or instrument for the purpose of counterfeiting coin?",this is an offense related to making or selling instrument for counterfeiting coin.,IPC,law_info
what is considered as indian coin?,"the coin denominated as the companys rupee and the farukhabad rupee, which was formerly used as money under the authority of the government of india, are considered as indian coin.",IPC,law_info
which coins denominated as the companys rupee and the farukhabad rupee were previously used as money under the authority of which government?,the coins denominated as the companys rupee and the farukhabad rupee were used as money under the authority of the government of india and are considered as indian coins.,IPC,law_info
what is the punishment for using or intending to use any instrument or material for the purpose of counterfeiting coin?,"the punishment is imprisonment of either description for a term which may extend to three years, and also a fine.",IPC,law_info
what is the potential duration of imprisonment and fine for someone who uses or plans to use any instrument or material for counterfeiting coins?,"the duration of imprisonment may extend to three years, and there may also be a fine.",IPC,law_info
what is the punishment for making or selling an instrument for counterfeiting indian coin?,"the punishment is imprisonment of either description for a term which may extend to seven years, and also a fine.",IPC,law_info
what is the maximum term of imprisonment and additional penalty for making or selling a counterfeiting instrument for indian coin?,"the maximum term of imprisonment is seven years, and there is also a fine.",IPC,law_info
what is the punishment for possessing any instrument or material with the intention of using it for counterfeiting coin?,"the punishment is imprisonment of either description for a term which may extend to three years, and also a fine.",IPC,law_info
"what is the punishment for someone who possesses counterfeiting materials, in terms of imprisonment duration and additional penalties?","the punishment is imprisonment of either description for a term which may extend to three years, and also a fine.",IPC,law_info
what is the punishment if the coin to be counterfeited is an indian coin?,"the punishment is imprisonment of either description for a term which may extend to ten years, and also a fine.",IPC,law_info
what is the penalty for counterfeiting an indian coin?,"the penalty is imprisonment of either description for a term which may extend to ten years, and also a fine.",IPC,law_info
what is the punishment for abetting in india the counterfeiting of coin out of india?,the punishment is the same as if the abetting of the counterfeiting of such coin occurred within india.,IPC,law_info
is the punishment for abetting the counterfeiting of coin out of india the same as if the abetting occurred within india?,"yes, the punishment is the same as if the abetting of the counterfeiting of such coin occurred within india.",IPC,law_info
what is the punishment for importing or exporting counterfeit coin into or from india?,"the punishment is imprisonment of either description for a term which may extend to three years, and also a fine.",IPC,law_info
"what is the potential penalty for importing or exporting counterfeit coin into or from india, in terms of imprisonment duration and possible fines?","the potential penalty is imprisonment of either description for a term which may extend to three years, and also a fine.",IPC,law_info
what is the punishment for someone who imports or exports counterfeit indian coins?,"the person can be punished with imprisonment for life, or with imprisonment which may extend to ten years, and will also be liable to fine.",IPC,law_info
what are the potential consequences for a person who imports or exports counterfeit indian coins?,"the person can be punished with imprisonment for life, or with imprisonment which may extend to ten years, and will also be liable to fine.",IPC,law_info
"what is the punishment for delivering a counterfeit coin, knowing that it is counterfeit, with fraudulent intent?","the person can be punished with imprisonment for a term which may extend to five years, and will also be liable to fine.",IPC,law_info
what is the maximum term of imprisonment and additional liability for someone convicted of knowingly delivering a counterfeit coin with fraudulent intent?,"the maximum term of imprisonment is five years, and the person will also be liable to a fine.",IPC,law_info
"what is the punishment for delivering a counterfeit indian coin, knowing that it is counterfeit, with fraudulent intent?","the person can be punished with imprisonment for a term which may extend to ten years, and will also be liable to fine.",IPC,law_info
what is the maximum sentence and additional penalty someone could face for knowingly delivering a counterfeit indian coin with fraudulent intent?,"the maximum sentence can extend up to ten years in prison, and the person will also be liable to a fine.",IPC,law_info
"what is the punishment for delivering a counterfeit coin as genuine, which the deliverer did not know was counterfeit when they first possessed it?","the person can be punished with imprisonment for a term which may extend to two years, or with a fine that may extend to ten times the value of the coin counterfeited, or with both.",IPC,law_info
"what is the maximum punishment for someone who unknowingly delivers a counterfeit coin, believing it to be genuine?","the maximum punishment can extend to two years of imprisonment, a fine up to ten times the value of the counterfeited coin, or both.",IPC,law_info
"what is the punishment for a person who fraudulently possesses counterfeit coin, knowing it to be counterfeit?","the person shall be punished with imprisonment that may extend to three years, and shall also be liable to fine.",IPC,law_info
what will happen to a person who knowingly possesses counterfeit coin?,"the person shall be punished with imprisonment that may extend to three years, and shall also be liable to fine.",IPC,law_info
"what is the punishment for a person who fraudulently possesses counterfeit indian coin, knowing it to be counterfeit?","the person shall be punished with imprisonment that may extend to seven years, and shall also be liable to fine.",IPC,law_info
what is the maximum imprisonment and other liabilities for someone who is found guilty of fraudulently possessing counterfeit indian coins?,"the maximum imprisonment may extend to seven years, and the person is also liable to a fine.",IPC,law_info
what is the liability of a person employed in a mint who intentionally causes a coin to be of different weight or composition from what is fixed by law?,the text does not provide a specific punishment for this act.,IPC,law_info
does the text provide a specific punishment for a person employed in a mint who intentionally causes a coin to be of different weight or composition from what is fixed by law?,"no, the text does not provide a specific punishment for this act.",IPC,law_info
"who among a, b, c, and d in the given scenario are punishable under section 239 or 240?",b and c are punishable under section 239 or 240.,IPC,law_info
which sections of law could b and c be punishable under in the given scenario?,b and c could be punishable under section 239 or 240.,IPC,law_info
who in the given scenario is punishable only under the unspecified section?,d is punishable only under this unspecified section.,IPC,law_info
under which section is d punishable in the given scenario?,d is punishable under the unspecified section.,IPC,law_info
what is the punishment for unlawfully taking coining instrument from mint in india?,"the punishment is imprisonment of either description for a term which may extend to seven years, and the person shall also be liable to fine.",IPC,law_info
"what is the penalty for someone in india who unlawfully takes a coining instrument from the mint, in terms of imprisonment and fines?","the penalty is imprisonment of either description for a term which may extend to seven years, and the individual is also liable to pay a fine.",IPC,law_info
what is the punishment for fraudulently or dishonestly diminishing weight or altering composition of coin?,"the punishment is imprisonment of either description for a term which may extend to three years, and the person shall also be liable to fine.",IPC,law_info
what is the maximum term of imprisonment and additional liability for someone who fraudulently or dishonestly diminishes weight or alters the composition of a coin?,"the maximum term of imprisonment is three years, and the person is also liable to a fine.",IPC,law_info
what does it mean to alter the composition of a coin?,altering the composition of a coin refers to a person who scoops out part of the coin and puts anything else into the cavity.,IPC,law_info
what does it refer to when a person scoops out part of a coin and puts anything else into the cavity?,this refers to altering the composition of a coin.,IPC,law_info
what is the punishment for fraudulently or dishonestly diminishing weight or altering composition of indian coin?,"the punishment is imprisonment of either description for a term which may extend to seven years, and the person shall also be liable to fine.",IPC,law_info
what is the penalty for a person who fraudulently or dishonestly diminishes the weight or alters the composition of an indian coin?,"the penalty is imprisonment of either description for a term which may extend to seven years, and the person shall also be liable to fine.",IPC,law_info
what is the punishment for altering appearance of coin with intent that it shall pass as coin of different description?,"the punishment is imprisonment of either description for a term which may extend to three years, and the person shall also be liable to fine.",IPC,law_info
what is the legal consequence for someone who alters the appearance of a coin with the intention of passing it off as a different coin?,"the legal consequence is imprisonment of either description for a term which may extend to three years, and the person shall also be liable to fine.",IPC,law_info
what is the punishment for altering the appearance of an indian coin with the intent that it shall pass as a coin of a different description?,"the punishment is imprisonment for a term which may extend to seven years, and the person shall also be liable to fine.",IPC,law_info
what is the potential sentence for someone who is convicted for altering the appearance of an indian coin with the intent that it shall pass as a coin of a different description?,"the potential sentence is imprisonment for a term which may extend to seven years, and the person shall also be liable to fine.",IPC,law_info
"what is the punishment for delivering a coin, knowing it is altered and that the offence defined in section 246 or 248 has been committed?","the punishment is imprisonment for a term which may extend to five years, and the person shall also be liable to fine.",IPC,law_info
what is the maximum sentence and the additional liability for someone who knowingly delivers an altered coin and commits the offence defined in section 246 or 248?,"the maximum sentence is imprisonment for up to five years, and the person is also liable to a fine.",IPC,law_info
"what is the punishment for delivering an indian coin, knowing it is altered and that the offence defined in section 247 or 249 has been committed?","the punishment is imprisonment for a term which may extend to ten years, and the person shall also be liable to fine.",IPC,law_info
"what is the potential penalty if someone knowingly delivers an altered indian coin, committing an offence defined in section 247 or 249?","the potential penalty is imprisonment for a term which may extend to ten years, and the person shall also be liable to fine.",IPC,law_info
what is the punishment for being in possession of a coin knowing it has been altered and that the offence defined in either of the section 246 or 248 has been committed?,the text does not provide a specific punishment for this situation.,IPC,law_info
does the text provide a specific punishment for being in possession of a coin knowing it has been altered and that the offence defined in either of the section 246 or 248 has been committed?,"no, the text does not provide a specific punishment for this situation.",IPC,law_info
what is the punishment for possessing an altered indian coin knowing it was altered according to section 253?,"the person shall be punished with imprisonment of either description for a term which may extend to five years, and shall also be liable to fine.",IPC,law_info
"what is the maximum sentence and additional penalties for someone who possesses an altered indian coin, knowing it was altered according to indian law?","the maximum sentence is imprisonment which may extend to five years, and the individual is also liable to a fine.",IPC,law_info
"what is the punishment for delivering a coin as genuine, which was not known to be altered when first possessed, according to section 254?","the person shall be punished with imprisonment of either description for a term which may extend to two years, or with fine to an amount which may extend to ten times the value of the coin for which the altered coin is passed, or attempted to be passed.",IPC,law_info
"what is the potential penalty for a person who delivers an altered coin as genuine, unaware of its alteration at the time of initial possession, according to section 254?","the potential penalty is imprisonment for a term that may extend to two years, or a fine to an amount which may extend to ten times the value of the coin for which the altered coin is passed, or attempted to be passed.",IPC,law_info
what is the punishment for counterfeiting a government stamp according to section 255?,"the person shall be punished with imprisonment for life or with imprisonment of either description for a term which may extend to ten years, and shall also be liable to fine.",IPC,law_info
what is the maximum punishment and fine liability for someone found guilty of counterfeiting a government stamp?,"the maximum punishment is life imprisonment or imprisonment for a term which may extend up to ten years, and the person is also liable to a fine, according to section 255.",IPC,law_info
who commits the offence of counterfeiting a government stamp according to the explanation in section 255?,a person commits this offence who counterfeits by causing a.,IPC,law_info
who is described in section 255 as committing the offence of counterfeiting a government stamp?,a person who counterfeits by causing a.,IPC,law_info
what is the punishment for having possession of any instrument or material intended for counterfeiting government stamps?,"the punishment is imprisonment of either description for a term which may extend to seven years, and also liable to fine.",IPC,law_info
what is the penalty for someone who possesses any instrument or material intended for counterfeiting government stamps?,"the penalty is imprisonment of either description for a term which may extend to seven years, and also liable to fine.",IPC,law_info
"what is the punishment for making, buying, selling or disposing any instrument intended for counterfeiting government stamps?","the punishment is imprisonment of either description for a term which may extend to seven years, and also liable to fine.",IPC,law_info
"what is the punishment for someone who is found guilty of manufacturing, buying, selling or disposing any tool intended for creating counterfeit government stamps?","the person is liable to be imprisoned for a term that could be as long as seven years, and can also be fined.",IPC,law_info
what is the punishment for selling or offering for sale any counterfeit government stamps?,"the punishment is imprisonment of either description for a term which may extend to seven years, and also liable to fine.",IPC,law_info
what is the imprisonment term and liability for someone who sells or offers for sale counterfeit government stamps?,"the imprisonment term can extend to seven years, and the person is also liable to a fine.",IPC,law_info
what is the punishment for having possession of any counterfeit government stamp with intent to use or dispose of it as a genuine stamp?,the punishment is imprisonment of either description for a term which may extend to seven years.,IPC,law_info
what is the maximum term of imprisonment for someone possessing a counterfeit government stamp with intent to use or dispose of it as genuine?,the maximum term of imprisonment is seven years.,IPC,law_info
what happens if someone is found with materials for the purpose of counterfeiting government stamps?,"they shall be punished with imprisonment of either description for a term which may extend to seven years, and shall also be liable to fine.",IPC,law_info
what is the punishment for someone found with materials for the purpose of counterfeiting government stamps?,"they shall be punished with imprisonment of either description for a term which may extend to seven years, and shall also be liable to fine.",IPC,law_info
what is the consequence of selling a counterfeit government stamp?,"the person shall be punished with imprisonment of either description for a term which may extend to seven years, and shall also be liable to fine.",IPC,law_info
what is the punishment for someone who sells counterfeit government stamps?,"the person shall be punished with imprisonment of either description for a term which may extend to seven years, and shall also be liable to fine.",IPC,law_info
what is the punishment for using a counterfeit government stamp as genuine?,"the punishment for using a counterfeit government stamp as genuine is imprisonment for a term which may extend to seven years, or with fine, or with both.",IPC,law_info
what can be the maximum imprisonment duration or penalty for using a counterfeit government stamp as genuine?,"the maximum imprisonment duration can be up to seven years, or there can be a fine, or both.",IPC,law_info
"what is the punishment for effacing writing from a substance bearing a government stamp, or removing a stamp from a document with intent to cause loss to the government?","the punishment for effacing writing from a substance bearing a government stamp, or removing a stamp from a document with intent to cause loss to the government is imprisonment for a term which may extend to three years, or with fine, or with both.",IPC,law_info
what is the maximum duration of imprisonment or type of other punishment for someone who intentionally removes a government stamp from a document or erases writing from a substance bearing a government stamp in order to cause loss to the government?,"the maximum duration of imprisonment for someone who intentionally removes a government stamp from a document or erases writing from a substance bearing a government stamp in order to cause loss to the government is up to three years, and they may also be fined or both.",IPC,law_info
what is the punishment for using a government stamp known to have been used before with intent to cause loss to the government?,"the punishment for using a government stamp known to have been used before with intent to cause loss to the government is imprisonment for a term which may extend to two years, or with fine, or with both.",IPC,law_info
what is the maximum possible sentence for someone who uses a government stamp known to have been used before in an attempt to cause financial loss to the government?,"the maximum possible sentence for someone who uses a government stamp known to have been used before in an attempt to cause financial loss to the government is two years of imprisonment, or a fine, or both.",IPC,law_info
"what is the punishment for erasing or removing a mark denoting that a stamp has been used, or knowingly selling or disposing of such a stamp?","the punishment for erasing or removing a mark denoting that a stamp has been used, or knowingly selling or disposing of such a stamp is imprisonment for a term which may extend to two years, or with fine, or with both.",IPC,law_info
"what is the possible sentence for a person who erases or removes a mark indicating that a stamp has been used, or knowingly sells or disposes of such a stamp?","a person who erases or removes a mark that denotes a stamp has been used, or knowingly sells or disposes of such a stamp, may face imprisonment for a term which may extend to two years, or with fine, or with both.",IPC,law_info
"what is the punishment for making, uttering, dealing in, selling, or using for postal purposes any fictitious stamp?",the person shall be punished with fine which may extend to two hundred rupees.,IPC,law_info
"what is the maximum fine for a person making, uttering, dealing in, selling, or using for postal purposes any fictitious stamp?",the maximum fine may extend to two hundred rupees.,IPC,law_info
what does fictitious stamp refer to in this context?,"a fictitious stamp refers to any stamp falsely purporting to be issued by government for the purpose of denoting a rate of postage, or any facsimile or imitation or representation, whether on paper or otherwise, of any stamp issued by government for that purpose.",IPC,law_info
"what is the purpose of a stamp falsely purporting to be issued by government, or any facsimile or imitation or representation, whether on paper or otherwise, of any stamp issued by government?",the purpose of such a stamp is to denote a rate of postage. this is often referred to as a fictitious stamp.,IPC,law_info
who does the term government include in sections 255 to 263?,"the term government includes the person or persons authorized by law to administer executive government in any part of india, and also in any part of her majestys dominions or in any foreign country.",IPC,law_info
"what does the term government refer to when it is authorized by law to administer executive government in any part of india, her majestys dominions or any foreign country?","in sections 255 to 263, the term government refers to such an entity.",IPC,law_info
what is the punishment for fraudulently using a false instrument for weighing?,"the person shall be punished with imprisonment of either description for a term which may extend to one year, or with fine, or with both.",IPC,law_info
what may be the punishment for a person who fraudulently uses a false instrument for weighing?,"the punishment can be imprisonment of either description for a term which may extend to one year, or a fine, or both.",IPC,law_info
what is considered an offence related to weights and measures?,fraudulent use of any false weight or false measure of length or capacity is considered an offence related to weights and measures.,IPC,law_info
what type of activity is considered fraudulent and offensive in relation to weights and measures?,the use of any false weight or false measure of length or capacity is considered fraudulent and offensive in relation to weights and measures.,IPC,law_info
what is the punishment for using a different weight or measure from what it is?,"the punishment is imprisonment which may extend to one year, or with fine, or with both.",IPC,law_info
what is the potential penalty for using an incorrect weight or measure?,"imprisonment which may extend to one year, or a fine, or both.",IPC,law_info
what is the punishment for being in possession of false weight or measure?,"the punishment is imprisonment which may extend to one year, or with fine, or with both.",IPC,law_info
"what may happen if a person is imprisoned for possessing false weight or measure, according to the law?","the person may be imprisoned for up to one year, fined, or both.",IPC,law_info
what is the punishment for making or selling false weight or measure?,"the punishment is imprisonment which may extend to one year, or with fine, or with both.",IPC,law_info
what could be the possible consequences of making or selling false weight or measure?,"the possible consequences are imprisonment which may extend to one year, or a fine, or both.",IPC,law_info
what is a public nuisance?,"a person is guilty of a public nuisance who does any act or is guilty of an illegal omission which causes any common injury, danger or annoyance to the public or to the people in general who dwell or occupy property in the vicinity, or which must necessarily cause injury, obstruction, danger or annoyance to persons who may have occasion to use any public right.",IPC,law_info
who can be considered guilty of a public nuisance?,"a person who does any act or is guilty of an illegal omission which causes any common injury, danger or annoyance to the public or to the people in general who dwell or occupy property in the vicinity, or which must necessarily cause injury, obstruction, danger or annoyance to persons who may have occasion to use any public right.",IPC,law_info
what is the punishment for a negligent act likely to spread infection of disease dangerous to life?,"the punishment is imprisonment which may extend to six months, or with fine, or with both.",IPC,law_info
what might be the potential consequences for an act likely to spread a dangerous infectious disease due to negligence?,"the potential consequences could be imprisonment which may extend to six months, or a fine, or both.",IPC,law_info
what is the punishment for someone who knowingly spreads a disease dangerous to life?,"the person shall be punished with imprisonment of either description for a term which may extend to two years, or with fine, or with both.",IPC,law_info
what is the possible sentence for someone who is found guilty of knowingly spreading a lifethreatening disease?,"the person shall be punished with imprisonment of either description for a term which may extend to two years, or with fine, or with both.",IPC,law_info
what is the consequence for disobeying a quarantine rule?,"the person shall be punished with imprisonment of either description for a term which may extend to six months, or with fine, or with both.",IPC,law_info
what is the punishment for a person who disobeys quarantine rules?,"the person shall be punished with imprisonment of either description for a term which may extend to six months, or with fine, or with both.",IPC,law_info
what is the punishment for adulterating food or drink intended for sale?,"the person shall be punished with imprisonment of either description for a term which may extend to six months, or with fine which may extend to one thousand rupees, or with both.",IPC,law_info
"what is the potential penalty for a person who adulterates food or drink meant for sale, in terms of imprisonment duration and possible fine amount?","the person may be punished with imprisonment for up to six months, a fine up to one thousand rupees, or both.",IPC,law_info
what is the penalty for selling noxious food or drink?,"the person shall be punished with imprisonment of either description for a term which may extend to six months, or with fine which may extend to one thousand rupees, or with both.",IPC,law_info
what happens to someone who sells noxious food or drink?,"the person shall be punished with imprisonment of either description for a term which may extend to six months, or with fine which may extend to one thousand rupees, or with both.",IPC,law_info
what is the punishment for adulterating any drug or medical preparation in a way that lessens its efficacy or changes its operation?,"the punishment is imprisonment of either description for a term which may extend to six months, or with fine which may extend to one thousand rupees, or with both.",IPC,law_info
what are the potential legal consequences for someone who adulterates any drug or medical preparation in a way that lessens its efficacy or changes its operation?,"the potential legal consequences are imprisonment of either description for a term which may extend to six months, or with a fine which may extend to one thousand rupees, or with both.",IPC,law_info
what is the penalty for knowingly selling or offering for sale an adulterated drug or medical preparation?,"the penalty is imprisonment of either description for a term which may extend to six months, or with fine which may extend to one thousand rupees, or with both.",IPC,law_info
what is the punishment for selling or offering to sell an adulterated drug or medical preparation?,"the punishment is either imprisonment for up to six months, a fine up to one thousand rupees, or both.",IPC,law_info
what is the punishment for selling or offering for sale a drug or medical preparation as a different drug or preparation?,"the punishment is imprisonment of either description for a term which may extend to six months, or with fine which may extend to one thousand rupees, or with both.",IPC,law_info
"what is the penalty for a crime that results in imprisonment of either description for up to six months, a fine of up to one thousand rupees, or both?",the crime for which such a penalty is given is selling or offering for sale a drug or medical preparation as a different drug or preparation.,IPC,law_info
what is the penalty for voluntarily corrupting or fouling the water of any public spring or reservoir?,"the penalty is imprisonment of either description for a term which may extend to three months, or with fine which may extend to five hundred rupees, or with both.",IPC,law_info
what are the potential consequences for someone who has voluntarily corrupted or fouled the water of any public spring or reservoir?,"the potential consequences are imprisonment of either description for a term which may extend to three months, or with a fine which may extend to five hundred rupees, or with both.",IPC,law_info
what is the punishment for voluntarily vitiating the atmosphere to the point of being harmful to peoples health?,the person shall be punished with fine which may extend to five hundred rupees.,IPC,law_info
what is the maximum fine for someone who voluntarily pollutes the atmosphere to a harmful extent?,five hundred rupees,IPC,law_info
what is the consequence of driving or riding in a manner that endangers human life on a public way?,"the person shall be punished with imprisonment of either description for a term which may extend to six months, or with fine which may extend to one thousand rupees, or with both.",IPC,law_info
what is the punishment for someone who endangers human life by driving or riding in a reckless manner on a public way?,"the person shall be punished with imprisonment of either description for a term which may extend to six months, or with fine which may extend to one thousand rupees, or with both.",IPC,law_info
what is the penalty for navigating a vessel in a way that endangers human life?,"the person shall be punished with imprisonment of either description for a term which may extend to six months, or with fine which may extend to one thousand rupees, or with both.",IPC,law_info
what is the punishment for a person who navigates a vessel in a way that endangers human life?,"the person shall be punished with imprisonment of either description for a term which may extend to six months, or with fine which may extend to one thousand rupees, or with both.",IPC,law_info
"what is the punishment for exhibiting a false light, mark or buoy with the intention or knowledge that it will mislead a navigator?","the person shall be punished with imprisonment of either description for a term which may extend to seven years, or with fine, or with both.",IPC,law_info
"what is the potential consequence for a person who exhibits a false light, mark or buoy with the intention or knowledge that it will mislead a navigator?","the person shall be punished with imprisonment of either description for a term which may extend to seven years, or with fine, or with both.",IPC,law_info
what is the consequence of knowingly or negligently conveying a person by water in a vessel that is in such a state or so loaded as to endanger their life?,"the person shall be punished with imprisonment of either description for a term which may extend to six months, or with fine which may extend to one thousand rupees, or with both.",IPC,law_info
what is the punishment for someone who knowingly or negligently conveys a person by water in a vessel that is in such a state or so loaded as to endanger their life?,"the person shall be punished with imprisonment of either description for a term which may extend to six months, or with fine which may extend to one thousand rupees, or with both.",IPC,law_info
"what is the penalty for causing danger, obstruction or injury to any person by doing an act or omitting to manage any property in ones possession or under ones charge?",the specific penalty is not mentioned in the text provided.,IPC,law_info
"is the specific penalty for causing danger, obstruction or injury to any person by doing an act or omitting to manage any property in ones possession or under ones charge mentioned in the text provided?","no, the specific penalty is not mentioned in the text provided.",IPC,law_info
what is the punishment for a person in any public way or public line of navigation?,the person shall be punished with a fine which may extend to two hundred rupees.,IPC,law_info
what is the maximum fine for someone who misbehaves in a public way or public line of navigation?,the maximum fine is two hundred rupees.,IPC,law_info
what is the punishment for negligent conduct with respect to poisonous substance?,"the person shall be punished with imprisonment which may extend to six months, or with fine which may extend to one thousand rupees, or with both.",IPC,law_info
what is the maximum possible punishment in terms of imprisonment duration and fine amount for someone who has been negligent with respect to a poisonous substance?,"the maximum possible punishment is imprisonment which may extend to six months, or a fine which may extend to one thousand rupees, or both.",IPC,law_info
what is the consequence for negligent conduct with respect to fire or combustible matter?,"the person shall be punished with imprisonment which may extend to six months, or with fine which may extend to one thousand rupees, or with both.",IPC,law_info
what is the punishment for someone who negligently conducts themselves with regard to fire or combustible matter?,"the punishment for such negligence can extend to six months of imprisonment, or a fine of up to one thousand rupees, or both.",IPC,law_info
what is the punishment for negligent conduct with respect to explosive substance?,"the person shall be punished with imprisonment which may extend to six months, or with fine which may extend to one thousand rupees, or with both.",IPC,law_info
what is the maximum duration of imprisonment or amount of fine a person can receive for negligent conduct with respect to explosive substance?,the maximum duration of imprisonment can extend to six months and the fine may extend to one thousand rupees.,IPC,law_info
what is the punishment for acting negligently with machinery in a way that endangers human life?,"the punishment for this act is imprisonment that may extend to six months, or with a fine which may extend to one thousand rupees, or with both.",IPC,law_info
"what is the punishment for a crime that carries a maximum sentence of six months imprisonment, a fine of up to one thousand rupees, or both?",the punishment for such a crime could be acting negligently with machinery in a way that endangers human life.,IPC,law_info
what is the punishment for negligent conduct with respect to pulling down or repairing buildings?,"the punishment is imprisonment of either description for a term which may extend to six months, or with fine which may extend to one thousand rupees, or with both.",IPC,law_info
what is the maximum term of imprisonment and fine for someone convicted of negligent conduct with respect to pulling down or repairing buildings?,the maximum term of imprisonment is six months and the fine may extend to one thousand rupees.,IPC,law_info
what are the consequences for negligent conduct with respect to an animal?,"the punishment is imprisonment of either description for a term which may extend to six months, or with fine which may extend to one thousand rupees, or with both.",IPC,law_info
what is the punishment for negligent conduct with respect to an animal?,"the punishment is imprisonment of either description for a term which may extend to six months, or with fine which may extend to one thousand rupees, or with both.",IPC,law_info
what is the punishment for committing a public nuisance in cases not otherwise provided for by the code?,the punishment for this act is a fine which may extend to two hundred rupees.,IPC,law_info
what is the maximum fine for committing a public nuisance in cases not otherwise provided for by the code?,the maximum fine for this act is two hundred rupees.,IPC,law_info
what is the punishment for continuing a public nuisance after injunction to discontinue?,"the punishment is simple imprisonment for a term which may extend to six months, or with a fine, or with both.",IPC,law_info
what could be the potential consequences if someone continues a public nuisance after being instructed to discontinue?,"the potential consequences are simple imprisonment for a term which may extend to six months, or with a fine, or with both.",IPC,law_info
what is considered obscene according to the text?,"a book, pamphlet, paper, writing, drawing, painting, representation, figure or any other object is deemed to be obscene if it is lascivious or appeals to the prurient interest or if its effect tends to deprave and corrupt persons who are likely to read, see or hear the matter contained or embodied in it.",IPC,law_info
"how is obscenity defined in the context of books, pamphlets, papers, writings, drawings, paintings, representations, figures or any other objects?","obscenity in the context of these objects is defined as anything that is lascivious or appeals to the prurient interest or if its effect tends to deprave and corrupt persons who are likely to read, see or hear the matter contained or embodied in it.",IPC,law_info
what actions regarding obscene objects are punishable according to the text?,"selling, letting to hire, distributing, publicly exhibiting, or any manner of putting into circulation any obscene object, as well as importing, exporting, or conveying any obscene object for the mentioned purposes, or taking part in or receiving profits from any business in the course of which obscene objects are made, produced, kept, imported, exported, conveyed, publicly exhibited or in any manner put into circulation, or advertising or making known that any person is engaged or is ready to engage in any act which is an offence under this section, or offering or attempting to do any act which is an offence under this section.",IPC,law_info
what are some offences under this section related to obscene objects according to the law?,"selling, letting to hire, distributing, publicly exhibiting, or any manner of putting into circulation any obscene object, as well as importing, exporting, or conveying any obscene object for the mentioned purposes, or taking part in or receiving profits from any business in the course of which obscene objects are made, produced, kept, imported, exported, conveyed, publicly exhibited or in any manner put into circulation, or advertising or making known that any person is engaged or is ready to engage in any act which is an offence under this section, or offering or attempting to do any act which is an offence under this section.",IPC,law_info
what is the punishment for offences under this section?,"on first conviction, the punishment may extend to two years of imprisonment and a fine which may extend to two thousand rupees.",IPC,law_info
what is the potential imprisonment duration and fine amount on first conviction under a certain section?,the punishment may extend to two years of imprisonment and a fine which may extend to two thousand rupees.,IPC,law_info
what is the punishment for a second or subsequent conviction involving obscene objects?,"imprisonment for a term which may extend to five years, and also with fine which may extend to five thousand rupees.",IPC,law_info
what is the possible sentence and fine for a second or subsequent conviction involving obscene objects?,"imprisonment for a term which may extend to five years, and also with fine which may extend to five thousand rupees.",IPC,law_info
what exceptions are given in relation to the publication of obscene objects?,"the exceptions are any book, pamphlet, paper, writing, drawing, painting, representation or figure that is justified as being for the public good or is kept or used bona fide for religious purposes. additionally, any representation sculptured, engraved, painted on or in any ancient monument or any temple, or on any car used for the conveyance of idols, or kept or used for any religious purpose.",IPC,law_info
"what qualifies as exceptions to the obscenity rule in regards to books, pamphlets, papers, drawings, paintings, representations, figures, ancient monuments, temples, and cars used for the conveyance of idols?","the exceptions are any book, pamphlet, paper, writing, drawing, painting, representation or figure that is justified as being for the public good or is kept or used bona fide for religious purposes. additionally, any representation sculptured, engraved, painted on or in any ancient monument or any temple, or on any car used for the conveyance of idols, or kept or used for any religious purpose.",IPC,law_info
"what is the punishment for selling, letting to hire, distributing, exhibiting or circulating obscene objects to a person under twenty years?","on first conviction, the punishment is imprisonment for a term which may extend to three years, and with fine which may extend to two thousand rupees. in the event of a second or subsequent conviction, the punishment is imprisonment for a term which may extend to seven years, and also with fine which may extend to five thousand rupees.",IPC,law_info
"what is the penalty upon first and subsequent convictions for selling, letting to hire, distributing, exhibiting or circulating obscene objects to a person under twenty years?","on first conviction, the punishment is imprisonment for a term which may extend to three years, and with fine which may extend to two thousand rupees. in the event of a second or subsequent conviction, the punishment is imprisonment for a term which may extend to seven years, and also with fine which may extend to five thousand rupees.",IPC,law_info
what is the punishment for performing any obscene act in a public place?,"the punishment is imprisonment which may extend to three months or with fine, or with both.",IPC,law_info
what does the law state about performing any obscene act in a public place?,"the law states that performing any obscene act in a public place can result in imprisonment which may extend to three months or with fine, or with both.",IPC,law_info
what are the penalties for keeping an unauthorized lottery office?,"the punishment is imprisonment which may extend to six months, or with fine, or with both.",IPC,law_info
what can be the possible punishments for running an unauthorized lottery office?,"the punishment can be imprisonment up to six months, a fine, or both.",IPC,law_info
what is the penalty for publishing any proposal related to unauthorized lotteries?,the punishment is a fine which may extend to one thousand rupees.,IPC,law_info
what is the punishment for publishing any proposal related to unauthorized lotteries?,the punishment is a fine which may extend to one thousand rupees.,IPC,law_info
what is the punishment for damaging or defiling a place of worship with intent to insult the religion of any class?,"the punishment is imprisonment which may extend to two years, or with fine, or with both.",IPC,law_info
what is the consequence for someone who intentionally damages or defiles a place of worship to insult a religion?,"the consequence is imprisonment which may extend to two years, or with fine, or with both.",IPC,law_info
what are the penalties for deliberate and malicious acts intended to outrage religious feelings of any class by insulting its religion or religious beliefs?,the person shall be punished with imprisonment.,IPC,law_info
what is the punishment for someone who deliberately and maliciously acts to outrage the religious feelings of any class by insulting its religion or religious beliefs?,the person shall be punished with imprisonment.,IPC,law_info
what is the punishment for voluntarily causing disturbance to a religious assembly according to section 296?,"the punishment can extend to one year of imprisonment, or with a fine, or with both.",IPC,law_info
"what is the maximum penalty, according to section 296, for voluntarily causing disturbance to a religious assembly?","the maximum penalty can extend to one year of imprisonment, or with a fine, or with both.",IPC,law_info
what is the punishment for trespassing on burial places with the intention of wounding religious feelings or insulting religion according to section 297?,"the punishment can extend to one year of imprisonment, or with a fine, or with both.",IPC,law_info
what is the maximum penalty for an individual who trespasses on burial places with the intention of insulting religion or wounding religious feelings under section 297?,"the maximum penalty can extend to one year of imprisonment, or with a fine, or with both.",IPC,law_info
what is the punishment for uttering words or making sounds with the deliberate intent to wound religious feelings according to section 298?,the document does not specify the punishment for this action under section 298.,IPC,law_info
does the document specify the punishment for uttering words or making sounds with the deliberate intent to wound religious feelings under section 298?,"no, the document does not specify the punishment for this action under section 298.",IPC,law_info
"what happens if someone offers any indignity to any human corpse, or causes disturbance to any persons assembled for the performance of funeral ceremonies?","the person can be punished with imprisonment of either description for a term which may extend to one year, or with fine, or with both.",IPC,law_info
what is the punishment for offering any indignity to a human corpse or causing disturbance to people assembled for funeral ceremonies?,"the person can be punished with imprisonment of either description for a term which may extend to one year, or with fine, or with both.",IPC,law_info
"what is the punishment for committing any trespass in any place of worship or on any place of sepulture, or any place set apart for the performance of funeral rites or as a depository for the remains of the dead?","the punishment can extend to one year of imprisonment, or with a fine, or with both.",IPC,law_info
"what can the punishment include for trespassing in a place of worship, place of sepulture, or any place set apart for funeral rites or as a depository for the remains of the dead?","the punishment may include up to one year of imprisonment, a fine, or both.",IPC,law_info
what is the punishment for an act causing the death of a person?,"the punishment can extend to one year of imprisonment, or with fine, or with both.",IPC,law_info
what does the punishment for an act causing the death of a person include?,"the punishment can extend to one year of imprisonment, or with fine, or with both.",IPC,law_info
what is culpable homicide?,"culpable homicide is where someone causes death by doing an act with the intention of causing death, or with the intention of causing such bodily injury as is likely to cause death, or with the knowledge that he is likely by such act to cause death.",IPC,law_info
"what does it mean when someone causes death by doing an act with the intention of causing death, or with the intention of causing such bodily injury as is likely to cause death, or with the knowledge that he is likely by such act to cause death?",this is referred to as culpable homicide.,IPC,law_info
what is the scenario in which a person causes bodily injury to another who is labouring under a disorder and accelerates their death?,"in this case, the person shall be deemed to have caused the other persons death according to explanation 1.",IPC,law_info
what is the legal interpretation if a person causes bodily injury that accelerates the death of another person with a disorder?,the person shall be deemed to have caused the other persons death according to explanation 1.,IPC,law_info
what does explanation 2 state about causing death by bodily injury?,"explanation 2 states that the person who causes such bodily injury shall be deemed to have caused the death, even if the death might have been prevented by proper remedies and skilful treatment.",IPC,law_info
"who is deemed to have caused the death according to explanation 2, in the case of death caused by bodily injury that could have been prevented by proper remedies and skilful treatment?",the person who causes such bodily injury is deemed to have caused the death according to explanation 2.,IPC,law_info
what does explanation 3 say about causing the death of a child in the mothers womb?,"explanation 3 states that causing the death of a child in the mothers womb is not homicide. however, it may amount to culpable homicide to cause the death of a living child.",IPC,law_info
what does explanation 3 state about whether causing the death of a child in the mothers womb is considered homicide or culpable homicide?,"explanation 3 says that causing the death of a child in the mothers womb is not homicide. however, it may amount to culpable homicide to cause the death of a living child.",IPC,law_info
what is considered as murder according to the text?,"culpable homicide is considered as murder if the act is done with the intention of causing death or such bodily injury as the offender knows to be likely to cause death, or if it is done with the intention of causing bodily injury to any person and the bodily injury intended to be inflicted is sufficient in the ordinary course of nature to cause death. it is also murder if the act is so dangerous that it must, in all probability, cause death, and is committed without any excuse for incurring the risk of causing death or such injury.",IPC,law_info
what are the conditions under which culpable homicide is considered as murder?,"culpable homicide is considered as murder if the act is done with the intention of causing death or such bodily injury as the offender knows to be likely to cause death, or if it is done with the intention of causing bodily injury to any person and the bodily injury intended to be inflicted is sufficient in the ordinary course of nature to cause death. it is also murder if the act is so dangerous that it must, in all probability, cause death, and is committed without any excuse for incurring the risk of causing death or such injury.",IPC,law_info
what is the first illustration of murder in the text?,a shoots z with the intention of killing him. z dies in consequence. a commits murder.,IPC,law_info
who dies as a result of as intention to kill in the text?,z dies as a result of as intention to kill.,IPC,law_info
what is the second illustration of murder in the text?,"a, knowing that z is labouring under such a disease that a blow is likely to cause his death, strikes him with the intention of causing bodily injury. z dies in consequence of the blow. a is guilty of murder.",IPC,law_info
"who is guilty of murder when knowing that z is labouring under such a disease that a blow is likely to cause his death, they strike him with the intention of causing bodily injury, and z dies as a consequence of the blow?",a,IPC,law_info
what is the third illustration of murder in the text?,"a intentionally gives z a swordcut or clubwound sufficient to cause the death of a man in the ordinary course of nature. z dies in consequence. here a is guilty of murder, although he may not have intended to cause zs death.",IPC,law_info
"who is guilty of murder when a intentionally gives z a swordcut or clubwound sufficient to cause the death of a man in the ordinary course of nature and z dies in consequence, even if a may not have intended to cause zs death?",a is guilty of murder.,IPC,law_info
is a guilty of murder if he fires a loaded cannon into a crowd and kills someone without a premeditated design?,yes,IPC,law_info
"if a fires a loaded cannon into a crowd and kills someone without a premeditated design, is he guilty of murder?",yes,IPC,law_info
when is culpable homicide not considered murder?,"culpable homicide is not murder if the offender, whilst deprived of the power of selfcontrol by grave and sudden provocation, causes the death of the person who gave the provocation or causes the death of any other person by mistake or accident.",IPC,law_info
what circumstances lead to a culpable homicide not being classified as murder?,"culpable homicide is not murder if the offender, whilst deprived of the power of selfcontrol by grave and sudden provocation, causes the death of the person who gave the provocation or causes the death of any other person by mistake or accident.",IPC,law_info
what are the conditions for the exception of culpable homicide not being murder?,"the provocation must not be sought or voluntarily provoked by the offender, not given by anything done in obedience to the law or by a public servant in the lawful exercise of their powers, and not given by anything done in the lawful exercise of the right of private defence.",IPC,law_info
what does the offender must not do for a culpable homicide to not be considered as murder?,"the offender must not seek or voluntarily provoke the provocation, and it should not be given by anything done in obedience to the law or by a public servant in the lawful exercise of their powers. it should also not be given by anything done in the lawful exercise of the right of private defence.",IPC,law_info
what determines if the provocation was grave and sudden enough to prevent the offence from amounting to murder?,whether the provocation was grave and sudden enough to prevent the offence from amounting to murder is a question of fact.,IPC,law_info
what is the method to determine if a provocation was grave and sudden enough to prevent an offence from being classified as murder?,it is determined by a question of fact.,IPC,law_info
"if a intentionally kills y, zs child, under the influence of passion excited by a provocation given by z, is it considered murder or culpable homicide?","it is considered murder as the provocation was not given by the child, and the death of the child was not caused by accident or misfortune in doing an act caused by the provocation.",IPC,law_info
"why would the intentional killing of zs child, y, by a under the influence of passion excited by a provocation given by z be considered murder and not culpable homicide?","it would be considered murder because the provocation was not given by the child, and the childs death was not the result of an accident or misfortune resulting from an act provoked by the provocation given.",IPC,law_info
"if a fires a pistol at y, neither intending nor knowing himself to be likely to kill z, who is near him, but out of sight, and ends up killing z, has a committed murder or culpable homicide?",a has committed culpable homicide.,IPC,law_info
"what has a committed if he fires a pistol at y, neither intending nor knowing himself to be likely to kill z, who is near him but out of sight, and ends up killing z?",a has committed culpable homicide.,IPC,law_info
"if a kills z, a bailiff, who lawfully arrested a and excited him to sudden and violent passion, is it considered murder or culpable homicide?",it is considered murder as the provocation was given by a thing done by a public servant in the exercise of his powers.,IPC,law_info
"what is it considered when a kills z, a bailiff, who lawfully arrested a and excited him to sudden and violent passion, if the provocation was given by a thing done by a public servant in the exercise of his powers?",it is considered murder.,IPC,law_info
what is the charge for a when he kills z in sudden passion after z accused him of perjury?,murder,IPC,law_info
what is the crime called when a kills z in sudden passion after being accused of perjury?,murder,IPC,law_info
what crime did a commit when he killed z after z tried to stop him from pulling his nose?,murder,IPC,law_info
what act did a commit by killing z when z tried to stop him from pulling his nose?,murder,IPC,law_info
"what is the charge for a when he hands a knife to b, who is in a rage, and b kills z?",murder,IPC,law_info
"what crime is a guilty of if he hands a knife to b, who is in a rage, and b uses it to kill z?",murder,IPC,law_info
what is the charge for b when he kills z with a knife that a handed to him while he was in a rage?,culpable homicide,IPC,law_info
what is the legal term for the crime committed by b when he kills z with a knife that a handed to him while he was in a rage?,culpable homicide,IPC,law_info
what is the charge for a when he shoots z dead in selfdefense to prevent himself from being horsewhipped?,culpable homicide,IPC,law_info
what is the legal term for the offense a commits when he shoots z dead in selfdefense to prevent himself from being horsewhipped?,culpable homicide,IPC,law_info
can culpable homicide be considered as murder if it is committed by a public servant in the advancement of public justice?,no,IPC,law_info
is it incorrect to consider culpable homicide as murder when it is committed by a public servant in the advancement of public justice?,yes,IPC,law_info
is culpable homicide considered as murder if committed without premeditation in a sudden fight in the heat of passion?,no,IPC,law_info
is it true that culpable homicide is not considered as murder if committed without premeditation in a sudden fight in the heat of passion?,yes,IPC,law_info
what is the exception for culpable homicide to not be considered murder according to the text?,"culpable homicide is not murder when the person whose death is caused, being above the age of eighteen years, suffers death or takes the risk of death with his own consent.",IPC,law_info
"under what circumstances would a persons death not be considered murder, even if it is a case of culpable homicide, according to the text?","if the person whose death was caused was above the age of eighteen years and suffered death or took the risk of death with his own consent, it would not be considered murder.",IPC,law_info
what is the punishment for murder as mentioned in the text?,"whoever commits murder shall be punished with death or imprisonment for life, and shall also be liable to fine.",IPC,law_info
"who shall be punished with death or imprisonment for life, and also be liable to fine, as mentioned in the text?",whoever commits murder,IPC,law_info
what is the punishment for a lifeconvict who commits murder?,"whoever, being under sentence of imprisonment for life, commits murder, shall be punished with death.",IPC,law_info
what is the penalty for someone who is already serving a life sentence but commits murder?,the penalty for someone who is already serving a life sentence but commits murder is death.,IPC,law_info
what is the punishment for culpable homicide not amounting to murder?,"whoever commits culpable homicide not amounting to murder, shall be punished with imprisonment for life, or imprisonment of either description for a term which may extend to ten years, and shall also be liable to fine, if the act by which the death is caused is done with the intention of causing death, or of causing such bodily injury as is likely to cause death.",IPC,law_info
"what is the intended consequence if someone commits an act with the intention of causing death, or causing such bodily injury that is likely to cause death, but it does not amount to murder?","the person shall be punished with imprisonment for life, or imprisonment of either description for a term which may extend to ten years, and shall also be liable to fine. this is considered culpable homicide not amounting to murder.",IPC,law_info
what is the consequence of causing death of a person under eighteen years by instigation?,"a, by instigation, voluntarily causes z, a person under eighteen years of age to commit suicide. here, on account of zs youth, he was incapable of giving consent to his own death a has therefore abetted murder.",IPC,law_info
"who is held accountable if they voluntarily instigate a person under eighteen years to commit suicide, considering the person is incapable of giving consent due to their youth?",a is held accountable as they have therefore abetted murder.,IPC,law_info
what is the punishment for causing death by negligence according to section 304a?,"the person shall be punished with imprisonment of either description for a term which may extend to two years, or with fine, or with both.",IPC,law_info
what does section 304a state about the punishment for causing death by negligence?,"section 304a states that the person shall be punished with imprisonment of either description for a term which may extend to two years, or with fine, or with both.",IPC,law_info
what is dowry death as described in section 304b?,"dowry death is where the death of a woman is caused by any burns or bodily injury or occurs otherwise than under normal circumstances within seven years of her marriage and it is shown that soon before her death she was subjected to cruelty or harassment by her husband or any relative of her husband for, or in connection with, any demand for dowry.",IPC,law_info
what are the circumstances described under which a womans death is considered a dowry death?,"a womans death is considered a dowry death if it is caused by any burns or bodily injury or occurs otherwise than under normal circumstances within seven years of her marriage and it is shown that soon before her death she was subjected to cruelty or harassment by her husband or any relative of her husband for, or in connection with, any demand for dowry.",IPC,law_info
what is the punishment for dowry death according to section 304b?,the person who commits dowry death shall be punished with imprisonment for a term which shall not be less than seven years but which may extend to imprisonment for life.,IPC,law_info
what is the minimum and maximum imprisonment term for someone who commits dowry death?,"the minimum imprisonment term is seven years and the maximum can extend to life imprisonment, according to section 304b.",IPC,law_info
what is the punishment for abetment of suicide of a child or insane person according to section 305?,"whoever abets the commission of such suicide, shall be punished with death or imprisonment for life, or imprisonment for a term not exceeding ten years, and shall also be liable to fine.",IPC,law_info
"what is the legal consequence for someone who abets the suicide of a child or insane person, including potential imprisonment length and fines?","according to section 305, whoever abets the commission of such suicide, shall be punished with death or imprisonment for life, or imprisonment for a term not exceeding ten years, and shall also be liable to fine.",IPC,law_info
what is the punishment for abetment of suicide according to section 306?,"whoever abets the commission of such suicide, shall be punished with imprisonment of either description for a term which may extend to ten years, and shall also be liable to fine.",IPC,law_info
"what is the maximum prison term and additional penalties for someone who abets a suicide, according to section 306?","the maximum prison term for someone who abets a suicide, according to section 306, is up to ten years and they may also be liable to a fine.",IPC,law_info
what constitutes an attempt to murder according to section 307?,"an attempt to murder is when a person does any act with such intention or knowledge, and under such circumstances that, if he by that act caused death, he would be guilty of murder.",IPC,law_info
what is the definition of a persons act that would be considered as an attempt to murder?,"an attempt to murder is when a person does any act with such intention or knowledge, and under such circumstances that, if he by that act caused death, he would be guilty of murder.",IPC,law_info
what is the punishment for causing death?,"the punishment for causing death is imprisonment of either description for a term which may extend to ten years, and the offender shall also be liable to fine.",IPC,law_info
what is the maximum prison term and other liabilities for someone convicted of causing death?,"the maximum prison term for someone convicted of causing death is up to ten years, and they are also liable to a fine.",IPC,law_info
what is the punishment if hurt is caused to any person?,"if hurt is caused to any person, the offender shall be liable either to imprisonment for life, or to such punishment as is previously mentioned.",IPC,law_info
what is the liability of an offender who has caused hurt to any person?,"the offender who has caused hurt to any person shall be liable either to imprisonment for life, or to such punishment as is previously mentioned.",IPC,law_info
what is the punishment for a lifeconvict if hurt is caused?,"if a lifeconvict causes hurt, he may be punished with death.",IPC,law_info
what could potentially happen to a lifeconvict if they cause hurt?,"if a lifeconvict causes hurt, he may be punished with death.",IPC,law_info
what is the potential punishment for attempting to commit culpable homicide?,the potential punishment for attempting to commit culpable homicide is imprisonment.,IPC,law_info
what is the expected consequence of attempting to commit culpable homicide?,the expected consequence of attempting to commit culpable homicide is imprisonment.,IPC,law_info
what actions are described in the illustrations related to the offence?,"the actions described include shooting with intent to kill, causing death of a child by exposure, intending to murder and firing a gun, and intending to murder by poisoning.",IPC,law_info
"what offences are related to the actions such as shooting with intent to kill, causing death of a child by exposure, intending to murder and firing a gun, and intending to murder by poisoning, as per the illustrations?",the illustrations describe these actions related to the offence.,IPC,law_info
what happens when a person under sentence of imprisonment for life causes hurt?,"if a person under sentence of imprisonment for life causes hurt, he may be punished with death.",IPC,law_info
what is the potential punishment for a person under sentence of imprisonment for life if they cause harm?,the potential punishment could be death.,IPC,law_info
what is the punishment for causing hurt to any person by an act?,"the person shall be punished with imprisonment of either description for a term which may extend to seven years, or with fine, or with both.",IPC,law_info
"what may happen to a person who hurts another person, in terms of legal consequences?","the person shall be punished with imprisonment of either description for a term which may extend to seven years, or with fine, or with both.",IPC,law_info
what is the punishment for attempting to commit suicide?,"the person shall be punished with simple imprisonment for a term which may extend to one year or with fine, or with both.",IPC,law_info
"what is the penalty for a crime that may extend to one year of simple imprisonment or with fine, or both?",the punishment for attempting to commit suicide.,IPC,law_info
what is the definition of a thug according to this act?,"a thug is defined as whoever, at any time after the passing of this act, shall have been habitually associated with any other or others for the purpose of committing robbery or childstealing by means of or accompanied with murder.",IPC,law_info
who does this act categorize as a thug?,"this act categorizes as a thug anyone who, after the passing of the act, has habitually associated with others for the purpose of committing robbery or childstealing through or accompanied by murder.",IPC,law_info
what is the punishment for being a thug?,"the punishment for being a thug is imprisonment for life, and also being liable to fine.",IPC,law_info
what is someone liable to if they are imprisoned for life for being a thug?,someone imprisoned for life for being a thug is also liable to a fine.,IPC,law_info
what is the punishment for causing a miscarriage?,"the person shall be punished with imprisonment of either description for a term which may extend to three years, or with fine, or with both and, if the woman be quick with child, shall be punished with imprisonment of either description for a term which may extend to seven years, and shall also be liable to fine.",IPC,law_info
"what is the maximum length of imprisonment for causing a miscarriage, and does this length differ if the woman is quick with child?","the maximum length of imprisonment for causing a miscarriage may extend to three years. however, if the woman is quick with child, the imprisonment may extend to seven years.",IPC,law_info
what is the punishment for causing a miscarriage without the womans consent?,"the punishment details are not completely provided in the provided text, but it is an offence defined in the last preceding section without the consent of the woman.",IPC,law_info
what is defined as an offence in the last preceding section without the consent of the woman?,causing a miscarriage without the womans consent is defined as an offence in the last preceding section.,IPC,law_info
what is the punishment for causing death with the intent to cause miscarriage?,"the punishment is imprisonment which may extend to ten years, and the individual shall also be liable to fine.",IPC,law_info
what is the potential penalty for someone who intentionally causes a miscarriage leading to death?,"the potential penalty is imprisonment which may extend to ten years, and the individual shall also be liable to fine.",IPC,law_info
what is the punishment if the act is done without the womans consent?,"the punishment is either imprisonment for life, or with the punishment above mentioned.",IPC,law_info
what is the consequence if the act is done with the womans consent?,the consequence is not imprisonment for life or the previously mentioned punishment.,IPC,law_info
is it essential for the offender to know that the act is likely to cause death?,"no, it is not essential to this offence that the offender should know that the act is likely to cause death.",IPC,law_info
is it necessary for this offence that the offender is aware their actions may result in death?,"no, the offender does not need to know that their actions could possibly lead to death for this specific offence.",IPC,law_info
what is the punishment for preventing a child from being born alive or causing it to die after birth?,"the punishment is imprisonment which may extend to ten years, or with fine, or with both.",IPC,law_info
"what is the extent of punishment that includes imprisonment, fine, or both for preventing a child from being born alive or causing it to die after birth?",the punishment may extend to ten years.,IPC,law_info
what is the punishment for causing death of a quick unborn child by act amounting to culpable homicide?,the punishment is imprisonment which may extend to a term which is not specified in the given text.,IPC,law_info
what is the punishment for causing the death of a quick unborn child by an act amounting to culpable homicide?,the punishment is imprisonment which may extend to a term which is not specified in the given text.,IPC,law_info
what is the punishment for causing the death of an unborn child knowing the act is likely to cause the death of a pregnant woman?,the punishment can extend up to ten years and may also be liable to fine.,IPC,law_info
what is the maximum punishment and additional liabilities for causing the death of an unborn child knowing the act is likely to cause the death of a pregnant woman?,the maximum punishment can extend up to ten years and the person may also be liable to fine.,IPC,law_info
"what is the punishment for exposing and abandoning a child under twelve years, by parent or person having care of it?","the punishment can extend up to seven years of imprisonment, or with fine, or with both.",IPC,law_info
"what is the maximum punishment, including imprisonment and fines, for a parent or person who abandons a child under twelve years of age?","the punishment can extend up to seven years of imprisonment, or with fine, or with both.",IPC,law_info
what is the punishment for concealing the birth of a child by secretly disposing of the dead body?,"the person can be punished with imprisonment for a term which may extend to two years, or with fine, or with both.",IPC,law_info
what is the maximum punishment for a person who conceals the birth of a child by secretly disposing the dead body?,"the maximum punishment can be imprisonment for a term which may extend to two years, or with a fine, or with both.",IPC,law_info
what does the term hurt refer to in law?,"hurt refers to the act of causing bodily pain, disease or infirmity to any person.",IPC,law_info
what act does the term hurt in law refer to?,"the term hurt in law refers to the act of causing bodily pain, disease or infirmity to any person.",IPC,law_info
what constitutes grievous hurt?,"grievous hurt includes emasculation, permanent privation of sight or hearing, privation of any member or joint, destruction or permanent impairing of the powers of any member or joint, permanent disfiguration of the head or face, fracture or dislocation of a bone or tooth and any hurt which endangers life.",IPC,law_info
"what does emasculation, permanent privation of sight or hearing, privation of any member or joint, destruction or permanent impairing of the powers of any member or joint, permanent disfiguration of the head or face, fracture or dislocation of a bone or tooth and any hurt which endangers life refer to?",these refer to grievous hurt.,IPC,law_info
what is the definition of voluntarily causing hurt according to the text?,"voluntarily causing hurt is defined as doing any act with the intention of thereby causing hurt to any person, or with the knowledge that one is likely to cause hurt to any person, and does thereby cause hurt to any person.",IPC,law_info
"what does it mean when someone is doing any act with the intention of thereby causing hurt to any person, or with the knowledge that one is likely to cause hurt to any person, and does thereby cause hurt to any person?",this is defined as voluntarily causing hurt according to the text.,IPC,law_info
what is the definition of voluntarily causing grievous hurt?,"voluntarily causing grievous hurt is defined as voluntarily causing hurt, if the hurt which one intends to cause or knows oneself to be likely to cause is grievous hurt, and if the hurt which one causes is grievous hurt. a person is not said voluntarily to cause grievous hurt except when he both causes grievous hurt and intends or knows himself to be likely to cause grievous hurt.",IPC,law_info
when can a person be said to voluntarily cause grievous hurt?,a person is said to voluntarily cause grievous hurt when he both causes grievous hurt and intends or knows himself to be likely to cause grievous hurt.,IPC,law_info
what is the punishment for voluntarily causing hurt as per the text?,"the punishment for voluntarily causing hurt is imprisonment of either description for a term which may extend to one year, or with fine which may extend to one thousand rupees, or with both.",IPC,law_info
what is the maximum imprisonment term and fine for voluntarily causing hurt according to the law?,"the maximum imprisonment term for voluntarily causing hurt can be up to one year, and the fine can go up to one thousand rupees.",IPC,law_info
what does voluntarily causing hurt by dangerous weapons or means refer to?,"voluntarily causing hurt by dangerous weapons or means refers to voluntarily causing hurt by means of any instrument for shooting, stabbing or cutting, or any instrument which, used as a weapon of offence, is likely to cause death.",IPC,law_info
what is meant by an instrument that is used as a weapon of offence and is likely to cause death?,"an instrument that is used as a weapon of offence and is likely to cause death refers to voluntarily causing hurt by dangerous weapons or means, which includes any instrument for shooting, stabbing or cutting.",IPC,law_info
what happens if a person intending to cause grievous hurt of one kind actually causes grievous hurt of another kind?,"the person is still said to have voluntarily caused grievous hurt, even if intending or knowing himself to be likely to cause grievous hurt of one kind, he actually causes grievous hurt of another kind.",IPC,law_info
is a person still considered to have voluntarily caused grievous hurt if he intended to cause a certain kind of grievous hurt but ended up causing a different kind?,"yes, the person is still said to have voluntarily caused grievous hurt, even if intending or knowing himself to be likely to cause grievous hurt of one kind, he actually causes grievous hurt of another kind.",IPC,law_info
"what is the punishment for causing harm using fire, poison, corrosive substance, explosive substance, or any substance harmful to the human body?","the punishment can range from imprisonment for a term which may extend to ten years, or with imprisonment for life, and shall also be liable to fine.",IPC,law_info
"what is the potential penalty for someone who is found guilty of causing harm using fire, poison, corrosive substance, explosive substance, or any substance harmful to the human body?","the punishment can range from imprisonment for a term which may extend to ten years, or with imprisonment for life, and shall also be liable to fine.",IPC,law_info
what is the punishment for voluntarily causing grievous hurt?,"the punishment for voluntarily causing grievous hurt is imprisonment for a term which may extend to seven years, and shall also be liable to fine.",IPC,law_info
how long can one be imprisoned and what other liabilities are there for voluntarily causing grievous hurt?,"one can be imprisoned for a term which may extend to seven years, and shall also be liable to fine for voluntarily causing grievous hurt.",IPC,law_info
what is the punishment for causing harm using dangerous weapons?,"the punishment for causing harm using dangerous weapons can range from imprisonment for a term which may extend to ten years, or with imprisonment for life, and shall also be liable to fine.",IPC,law_info
what is the maximum term for imprisonment or the alternative punishment for causing harm using dangerous weapons?,"the maximum term for causing harm using dangerous weapons can be imprisonment for life, or alternatively, imprisonment for a term which may extend to ten years, along with a fine.",IPC,law_info
"what is the punishment for causing permanent or partial damage or deformity to, or burns or maims or disfigures or disables, any part or parts of the body of a person or causes grievous hurt by throwing acid?",the punishment is imprisonment of either description for a term which shall not be less than ten years.,IPC,law_info
"what is the minimum term of imprisonment for causing permanent or partial damage or deformity to, or burns or maims or disfigures or disables, any part or parts of the body of a person or causes grievous hurt by throwing acid?",the minimum term of imprisonment is ten years.,IPC,law_info
what is the punishment for voluntarily throwing or attempting to throw acid on any person?,"the punishment is imprisonment of either description for a term which shall not be less than five years but which may extend to seven years, and shall also be liable to fine.",IPC,law_info
"what is the penalty for a crime that carries a minimum sentence of five years and a maximum sentence of seven years, along with a fine?",the penalty for such a crime could be voluntarily throwing or attempting to throw acid on any person.,IPC,law_info
what does acid refer to in the context of sections 326a and 326b?,"acid includes any substance which has acidic or corrosive character or burning nature, that is capable of causing bodily injury leading to scars or disfigurement or temporary or permanent disability.",IPC,law_info
"what kind of substance is capable of causing bodily injury leading to scars or disfigurement or temporary or permanent disability, as defined in sections 326a and 326b?",the term acid is used to refer to any substance which has acidic or corrosive character or burning nature that can cause such injuries.,IPC,law_info
"what is the punishment for voluntarily causing hurt to extort property, or to constrain to an illegal act?","the punishment is imprisonment of either description for a term which may extend to ten years, and shall also be liable to fine.",IPC,law_info
"what is the maximum sentence and additional liabilities for a person who voluntarily causes hurt to extort property, or to constrain to an illegal act?","the maximum sentence is imprisonment for a term which may extend to ten years, and the person may also be liable to a fine.",IPC,law_info
what does permanent or partial damage or deformity refer to in the context of sections 326a and 326b?,permanent or partial damage or deformity shall not be required to be irreversible.,IPC,law_info
is the permanent or partial damage or deformity as referenced in sections 326a and 326b required to be irreversible?,"no, permanent or partial damage or deformity shall not be required to be irreversible.",IPC,law_info
who should the fine imposed under this section be paid to?,the fine imposed under this section shall be paid to the victim.,IPC,law_info
who is the fine imposed under this section supposed to be paid to?,the victim,IPC,law_info
what is the punishment for causing harm with the intent of committing an offence or knowing it will cause hurt?,"imprisonment of either description for a term which may extend to ten years, and a liable fine.",IPC,law_info
what is the maximum possible sentence and additional penalties for a crime committed with the intent of causing harm or knowing it will cause hurt?,"imprisonment of either description for a term which may extend to ten years, and a liable fine.",IPC,law_info
"what is the penalty for voluntarily causing grievous hurt to extort property, or to constrain to an illegal act?","punishment with imprisonment for life, or imprisonment of either description for a term which may extend to ten years, and also liable to fine.",IPC,law_info
"what is the punishment for someone who voluntarily causes grievous hurt to extort property, or to constrain to an illegal act?","punishment with imprisonment for life, or imprisonment of either description for a term which may extend to ten years, and also liable to fine.",IPC,law_info
"what is the punishment for voluntarily causing hurt to extort a confession, or to compel restoration of property?","imprisonment of either description for a term which may extend to seven years, and also liable to fine.",IPC,law_info
what is the maximum term of imprisonment and additional liability for someone who voluntarily causes hurt to extort a confession or compel restoration of property?,"the maximum term of imprisonment may extend to seven years, and the person is also liable to a fine.",IPC,law_info
what is the penalty if a police officer tortures someone to induce a confession or to point out where certain stolen property is?,"the police officer is guilty of an offence and the punishment is imprisonment of either description for a term which may extend to seven years, and also liable to fine.",IPC,law_info
what is the offence and punishment for a police officer who tortures someone to make them confess or disclose the location of stolen property?,"the police officer is guilty of an offence and the punishment is imprisonment of either description for a term which may extend to seven years, and also liable to fine.",IPC,law_info
"what is the punishment for voluntarily causing grievous hurt to extort confession, or to compel restoration of property?","the person shall be punished with imprisonment of either description for a term which may extend to ten years, and shall also be liable to fine.",IPC,law_info
"what is the maximum imprisonment term and additional penalty for a person who voluntarily causes grievous hurt to extort confession, or to compel restoration of property?","the maximum imprisonment term is ten years, and the person shall also be liable to a fine.",IPC,law_info
what is the offence for a revenue officer who tortures someone to compel them to pay certain arrears of revenue due?,the revenue officer is guilty of an offence under this section.,IPC,law_info
who is guilty of an offence under a certain section if they torture someone to compel them to pay certain arrears of revenue due?,the revenue officer is guilty of the offence.,IPC,law_info
what is the offence for a zamindar who tortures a raiyat to compel them to pay rent?,the zamindar is guilty of an offence under this section.,IPC,law_info
who is considered guilty of an offence under this section if they torture a raiyat to compel them to pay rent?,a zamindar,IPC,law_info
what is the punishment for voluntarily causing hurt to deter a public servant from his duty?,"the person shall be punished with imprisonment of either description for a term which may extend to three years, or with fine, or with both.",IPC,law_info
what could be the potential consequences for a person who voluntarily causes harm to prevent a public servant from performing his duties?,"the person shall be punished with imprisonment of either description for a term which may extend to three years, or with fine, or with both.",IPC,law_info
what is the punishment for voluntarily causing grievous hurt to deter a public servant from his duty?,"the person shall be punished with imprisonment of either description for a term which may extend to ten years, and shall also be liable to fine.",IPC,law_info
what is the maximum term of imprisonment and other penalties for a person who voluntarily causes grievous hurt to deter a public servant from his duty?,"the maximum term of imprisonment is ten years, and the person is also liable to a fine.",IPC,law_info
what is the punishment for causing grievous hurt by act endangering life or personal safety of others?,"the punishment is imprisonment for a term which may extend to two years, or with fine which may extend to one thousand rupees, or with both.",IPC,law_info
what is the imprisonment term and fine amount for a crime that involves causing grievous hurt by act endangering life or personal safety of others?,the imprisonment term can extend to two years and the fine amount may extend to one thousand rupees.,IPC,law_info
what is wrongful restraint?,wrongful restraint is when someone voluntarily obstructs any person so as to prevent that person from proceeding in any direction in which that person has a right to proceed.,IPC,law_info
what does it mean when someone voluntarily obstructs any person so as to prevent that person from proceeding in any direction in which that person has a right to proceed?,this is referred to as wrongful restraint.,IPC,law_info
what is the exception to wrongful restraint?,"the obstruction of a private way over land or water which a person in good faith believes himself to have a lawful right to obstruct, is not an offence within the meaning of wrongful restraint.",IPC,law_info
what is not considered an offence within the meaning of wrongful restraint?,the obstruction of a private way over land or water which a person in good faith believes himself to have a lawful right to obstruct,IPC,law_info
what is wrongful confinement?,wrongful confinement is when someone wrongfully restrains any person in such a manner as to prevent that person from proceedings beyond certain circumscribing limits.,IPC,law_info
what term describes the act of wrongfully restraining a person in such a manner as to prevent that person from proceeding beyond certain circumscribing limits?,the term is wrongful confinement.,IPC,law_info
what is the punishment for wrongful restraint?,"the punishment is simple imprisonment for a term which may extend to one month, or with fine which may extend to five hundred rupees, or with both.",IPC,law_info
what is the maximum duration of imprisonment and amount of fine for wrongful restraint?,"the maximum duration of imprisonment for wrongful restraint may extend to one month, and the fine may extend to five hundred rupees.",IPC,law_info
what is the punishment for wrongful confinement for three or more days?,"the punishment for wrongful confinement for three days or more is imprisonment for a term which may extend to two years, or with fine, or with both.",IPC,law_info
what may the imprisonment term extend to for wrongful confinement for three days or more?,the imprisonment term for wrongful confinement for three days or more may extend to two years.,IPC,law_info
what is the punishment for wrongful confinement for ten or more days?,"the punishment for wrongful confinement for ten days or more is imprisonment for a term which may extend to three years, and shall also be liable to fine.",IPC,law_info
what is the maximum imprisonment term and additional liability for a person convicted of wrongful confinement for ten or more days?,"the maximum imprisonment term for a person convicted of wrongful confinement for ten or more days is up to three years, and they shall also be liable to a fine.",IPC,law_info
what happens if someone wrongfully confines a person for whose liberation writ has been issued?,"whoever keeps any person in wrongful confinement, knowing that a writ for the liberation of that person has been duly issued, shall be punished with imprisonment for a term which may extend to two years in addition to any term of imprisonment to which he may be liable under any other section of this chapter.",IPC,law_info
"what is the punishment for someone who wrongfully confines a person, knowing that a writ for that persons liberation has been issued?",the person can be punished with imprisonment for a term which may extend to two years in addition to any term of imprisonment to which he may be liable under any other section of this chapter.,IPC,law_info
what is the punishment for wrongful confinement in secret?,the punishment for wrongful confinement in secret is imprisonment for a term which may extend to two years in addition to any other punishment to which he may be liable for such wrongful confinement.,IPC,law_info
"what is the maximum duration of imprisonment for someone convicted of wrongful confinement in secret, in addition to other liabilities?","the maximum duration of imprisonment for someone convicted of wrongful confinement in secret can extend to two years, in addition to other liabilities.",IPC,law_info
"what is the punishment for wrongful confinement to extort property, or constrain to illegal act?","the punishment for wrongful confinement to extort property, or constrain to an illegal act has not been provided in the given text.",IPC,law_info
"has the punishment for wrongful confinement to extort property, or constrain to an illegal act been provided in the text?","no, the punishment for wrongful confinement to extort property, or constrain to an illegal act has not been provided in the given text.",IPC,law_info
what is the punishment for facilitating the commission of an offence?,"the punishment is imprisonment of either description for a term which may extend to three years, and shall also be liable to fine.",IPC,law_info
what is the maximum term of imprisonment and other liability for someone who facilitates the commission of an offence?,"the maximum term of imprisonment is three years, and the person is also liable to a fine.",IPC,law_info
what is wrongful confinement to extort confession or compel restoration of property?,"it is when a person wrongfully confines any person for the purpose of extorting from the person confined or any person interested in the person confined any confession or any information which may lead to the detection of an offence or misconduct, or for the purpose of constraining the person confined or any person interested in the person confined to restore or to cause the restoration of any property or valuable security or to satisfy any claim or demand, or to give information which may lead to the restoration of any property or valuable security.",IPC,law_info
"what does it mean when a person is confined wrongfully for the purpose of extorting a confession, information leading to the detection of an offence, compelling restoration of property or valuable security, or to satisfy any claim or demand?",this is referred to as wrongful confinement to extort confession or compel restoration of property.,IPC,law_info
what is the punishment for wrongful confinement to extort confession or to compel restoration of property?,"the punishment is imprisonment of either description for a term which may extend to three years, and shall also be liable to fine.",IPC,law_info
what is the maximum term of imprisonment and potential additional penalties for someone who wrongfully confines another person to extort a confession or force the return of property?,"the maximum term of imprisonment is three years, and the person may also be liable to pay a fine.",IPC,law_info
what does it mean to use force on another person?,"a person is said to use force to another if he causes motion, change of motion, or cessation of motion to that other, or if he causes to any substance such motion, or change of motion, or cessation of motion as brings that substance into contact with any part of that others body, or with anything which that other is wearing or carrying, or with anything so situated that such contact affects that others sense of feeling.",IPC,law_info
"how is force applied to a person, in terms of motion and physical contact?","a person is said to use force to another if he causes motion, change of motion, or cessation of motion to that other, or if he causes to any substance such motion, or change of motion, or cessation of motion as brings that substance into contact with any part of that others body, or with anything which that other is wearing or carrying, or with anything so situated that such contact affects that others sense of feeling.",IPC,law_info
in what three ways can force be applied?,"firstly, by his own bodily power. secondly, by disposing any substance in such a manner that the motion or change or cessation of motion takes place without any further act on his part, or on the part of any other person. thirdly, by inducing any animal to move, to change its motion, or to cease to move.",IPC,law_info
"what does it mean when force is applied by his own bodily power, by disposing any substance in such a manner that the motion or change or cessation of motion takes place without any further act on his part, or on the part of any other person, and by inducing any animal to move, to change its motion, or to cease to move?",these are the three ways force can be applied.,IPC,law_info
what is an example of using criminal force to z?,"a throws a stone, intending or knowing it to be likely that the stone will be thus brought into contact with z, or with zs clothes, or with something carried by z, or that it will strike water and dash up the water against zs clothes or something carried by z.",IPC,law_info
"what does it mean when a throws a stone, intending or knowing it to be likely that the stone will be thus brought into contact with z, or with zs clothes, or with something carried by z, or that it will strike water and dash up the water against zs clothes or something carried by z?",this is an example of using criminal force to z.,IPC,law_info
what does a do to use criminal force to a woman?,"a intentionally pulls up a womans veil without her consent, intending or knowing it to be likely that he may thereby injure, frighten or annoy her.",IPC,law_info
"what does it mean when a intentionally pulls up a womans veil without her consent, intending or knowing it to be likely that he may thereby injure, frighten or annoy her?",it means that a is using criminal force to a woman.,IPC,law_info
what is an example of a using criminal force to z while z is bathing?,"a pours into the bath water which he knows to be boiling, intending or knowing it to be likely that he may thereby cause injury, fear or annoyance to z.",IPC,law_info
"what would it mean if a pours boiling water into a bath where z is bathing, intending or knowing it to be likely that he may cause injury, fear or annoyance to z?",it would mean that a is using criminal force to z while z is bathing.,IPC,law_info
how does a use criminal force to z with a dog?,"a incites a dog to spring upon z, without zs consent, intending to cause injury, fear or annoyance to z.",IPC,law_info
"what does it mean when a incites a dog to spring upon z, without zs consent, intending to cause injury, fear or annoyance to z?",it means that a is using criminal force to z with a dog.,IPC,law_info
what is the definition of assault?,"assault is when a person makes any gesture, or any preparation intending or knowing it to be likely that such gesture or preparation will cause any person present to apprehend that he who makes that gesture or preparation is about to use criminal force to that person.",IPC,law_info
what does it mean when a person makes any gesture or preparation intending or knowing it to be likely that such gesture or preparation will cause any person present to apprehend that he who makes that gesture or preparation is about to use criminal force to that person?,this is the definition of assault.,IPC,law_info
do mere words amount to an assault?,"no, mere words do not amount to an assault. but the words which a person uses may give to his gestures or preparation such a meaning as may make those gestures or preparations amount to an assault.",IPC,law_info
can the words a person uses give meaning to their gestures or preparations that may amount to an assault?,"yes, the words a person uses can give to their gestures or preparations such a meaning as may make those gestures or preparations amount to an assault.",IPC,law_info
what is considered an assault?,an assault can be committed by intending or knowing it to be likely that ones actions may cause another to believe that they are about to be harmed. this can include physical gestures or actions such as unloosing a ferocious dog or taking up a stick with threatening words.,IPC,law_info
what actions or intentions might constitute an assault?,an assault can be committed by intending or knowing it to be likely that ones actions may cause another to believe that they are about to be harmed. such actions can include physical gestures or actions such as unloosing a ferocious dog or taking up a stick with threatening words.,IPC,law_info
what is the punishment for assault or criminal force without grave provocation?,"the punishment can be imprisonment for a term which may extend to three months, or with fine which may extend to five hundred rupees, or with both.",IPC,law_info
what can the imprisonment term or fine extend to for assault or criminal force without grave provocation?,the imprisonment term may extend to three months and the fine may extend to five hundred rupees.,IPC,law_info
what circumstances will not mitigate the punishment for an offence under assault?,"grave and sudden provocation will not mitigate the punishment if the provocation is sought or voluntarily provoked by the offender as an excuse for the offence, or if the provocation is given by anything done in obedience to the law, or by a public servant in the lawful exercise of the powers of such public servant, or if the provocation is given by anything done in the lawful exercise of the right of private defence.",IPC,law_info
under what conditions will grave and sudden provocation not mitigate the punishment for an assault offence?,"grave and sudden provocation will not mitigate the punishment if the provocation is sought or voluntarily provoked by the offender as an excuse for the offence, or if the provocation is given by anything done in obedience to the law, or by a public servant in the lawful exercise of the powers of such public servant, or if the provocation is given by anything done in the lawful exercise of the right of private defence.",IPC,law_info
what is the crime when assault or criminal force is used to deter a public servant from their duty?,"the crime is defined as assault or criminal force to deter public servant from discharge of his duty, committed by whoever assaults or uses criminal force to any person being a public servant in the execution of his duty or with intent to prevent or deter that person from discharging his duty.",IPC,law_info
who commits the crime defined as assault or criminal force to deter a public servant from discharge of his duty?,the crime is committed by whoever assaults or uses criminal force to any person being a public servant in the execution of his duty or with intent to prevent or deter that person from discharging his duty.,IPC,law_info
what is the punishment for assaulting or using criminal force to a woman with intent to outrage her modesty?,"the punishment is imprisonment of either description for a term which shall not be less than one year but which may extend to five years, and shall also be liable to fine.",IPC,law_info
what is the imprisonment term and consequences for a person convicted of assaulting or using criminal force to a woman with intent to outrage her modesty?,"the person can be imprisoned for a term which shall not be less than one year but which may extend to five years, and shall also be liable to fine.",IPC,law_info
what acts constitute sexual harassment according to 354a?,"sexual harassment includes physical contact and advances involving unwelcome and explicit sexual overtures, a demand or request for sexual favours, showing pornography against the will of a woman, or making sexually coloured remarks.",IPC,law_info
"what does physical contact and advances involving unwelcome and explicit sexual overtures, a demand or request for sexual favours, showing pornography against the will of a woman, or making sexually coloured remarks refer to in legal terms?",these acts constitute sexual harassment according to 354a.,IPC,law_info
"what is the punishment for sexual harassment involving physical contact, demand for sexual favours, or showing pornography against a womans will?","the punishment is rigorous imprisonment for a term which may extend to three years, or with fine, or with both.",IPC,law_info
"what is the potential penalty for a crime that results in rigorous imprisonment for a term which may extend to three years, or with fine, or with both?","the crime could be sexual harassment involving physical contact, demand for sexual favours, or showing pornography against a womans will.",IPC,law_info
what is the punishment for making sexually coloured remarks?,"the punishment is imprisonment of either description for a term which may extend to one year, or with fine, or with both.",IPC,law_info
what could be the consequences for a person who is found guilty of making sexually coloured remarks?,"the person could face imprisonment of either description for a term which may extend to one year, or with fine, or with both.",IPC,law_info
what is the punishment for assaulting or using criminal force to a woman with intent to disrobe her?,"the punishment is imprisonment of either description for a term which shall not be less than three years but which may extend to seven years, and shall also be liable to fine.",IPC,law_info
what is the minimum and maximum term of imprisonment and additional liability for someone who assaults or uses criminal force to a woman with the intent to disrobe her?,the minimum term of imprisonment is three years and the maximum term may extend to seven years. the individual is also liable to a fine.,IPC,law_info
what is the act of voyeurism according to 354c?,"voyeurism is any man who watches, or captures the image of a woman engaging in a private act in circumstances where she would usually have the expectation of not being observed.",IPC,law_info
who is considered a voyeur according to the definition?,"any man who watches, or captures the image of a woman engaging in a private act in circumstances where she would usually have the expectation of not being observed.",IPC,law_info
what is the punishment for the first conviction of disseminating private images without consent?,"the punishment on first conviction with imprisonment of either description for a term which shall not be less than one year, but which may extend to three years, and shall also be liable to fine.",IPC,law_info
what is the minimum and maximum term of imprisonment and other liabilities for a person convicted for the first time for disseminating private images without consent?,the minimum term of imprisonment is one year and the maximum can extend up to three years. the person shall also be liable to a fine.,IPC,law_info
what is the punishment for the second or subsequent conviction of disseminating private images without consent?,"the punishment on a second or subsequent conviction, with imprisonment of either description for a term which shall not be less than three years, but which may extend to seven years, and shall also be liable to fine.",IPC,law_info
what is the imprisonment term and liability for a person who is convicted for the second or subsequent time for disseminating private images without consent?,"the person is liable to imprisonment for a term which shall not be less than three years, but which may extend to seven years, and shall also be liable to fine.",IPC,law_info
what is considered a private act in this context?,"a private act includes an act of watching carried out in a place which, in the circumstances, would reasonably be expected to provide privacy and where the victims genitals, posterior or breasts are exposed or covered only in underwear or the victim is using a lavatory or the victim is doing a sexual act that is not of a kind ordinarily done in public.",IPC,law_info
"what does a private act include when the victims genitals, posterior or breasts are exposed or covered only in underwear or the victim is using a lavatory or the victim is doing a sexual act that is not of a kind ordinarily done in public?","a private act in this context is considered to be any act of watching carried out in a place which, in the circumstances, would reasonably be expected to provide privacy.",IPC,law_info
what is considered an offence even if the victim consents to the capture of the images or any act?,"if the victim consents to the capture of the images or any act, but not to their dissemination to third persons and where such image or act is disseminated, such dissemination shall be considered an offence under this section.",IPC,law_info
"under what circumstances would the dissemination of images or acts to third persons be considered an offence, even if the victim has consented to their capture?","the dissemination would be considered an offence if the victim consents to the capture of the images or any act, but not to their dissemination to third persons.",IPC,law_info
what actions constitute the offence of stalking?,"any man who follows a woman and contacts, or attempts to contact such woman to foster personal interaction repeatedly despite a clear indication of disinterest by such woman or monitors the use by a woman of the internet, email or any other form of electronic communication, commits the offence of stalking.",IPC,law_info
who is considered to be committing the offence of stalking?,"any man who follows a woman and contacts, or attempts to contact such woman to foster personal interaction repeatedly despite a clear indication of disinterest by such woman or monitors the use by a woman of the internet, email or any other form of electronic communication.",IPC,law_info
what are the exceptions for the offence of stalking?,the conduct shall not amount to stalking if the man who pursued it proves that it was pursued for the purpose of preventing or detecting crime and the man accused of stalking had been entrusted with the responsibility of prevention and detection of crime.,IPC,law_info
under what circumstances can a man accused of stalking prove that his conduct does not amount to stalking?,the conduct shall not amount to stalking if the man who pursued it proves that it was pursued for the purpose of preventing or detecting crime and the man accused of stalking had been entrusted with the responsibility of prevention and detection of crime.,IPC,law_info
what is the punishment for the first conviction of stalking?,"imprisonment of either description for a term which may extend to three years, and shall also be liable to fine.",IPC,law_info
what is the penalty for a crime that can extend to three years imprisonment and also includes a fine?,the first conviction of stalking,IPC,law_info
what is the punishment for a second or subsequent conviction for stalking?,"imprisonment of either description for a term which may extend to five years, and shall also be liable to fine.",IPC,law_info
what is the maximum term of imprisonment and additional liabilities for a person convicted for stalking for the second time or subsequently?,"imprisonment of either description for a term which may extend to five years, and shall also be liable to fine.",IPC,law_info
"how is assault or criminal force with intent to dishonour person, otherwise than on grave provocation, punished?","punished with imprisonment of either description for a term which may extend to two years, or with fine, or with both.",IPC,law_info
"what is the punishment for the act of assault or criminal force with the intention to dishonour a person, not provoked by grave circumstances?","punished with imprisonment of either description for a term which may extend to two years, or with fine, or with both.",IPC,law_info
what is the punishment for assault or criminal force in attempt to commit theft of property carried by a person?,"punished with imprisonment of either description for a term which may extend to two years, or with fine, or with both.",IPC,law_info
what is the maximum sentence or penalty for a crime involving assault or criminal force in an attempt to commit theft of property carried by a person?,"the maximum sentence can extend to two years of imprisonment, or a fine, or both.",IPC,law_info
what is the punishment for assault or criminal force in attempt wrongfully to confine a person?,"punished with imprisonment of either description for a term which may extend to one year, or with fine which may extend to one thousand rupees, or with both.",IPC,law_info
what is the maximum term of imprisonment or fine for a person convicted of assault or criminal force in attempt wrongfully to confine a person?,"the maximum term of imprisonment may extend to one year, or a fine which may extend to one thousand rupees, or both.",IPC,law_info
how is assault or criminal force on grave provocation punished?,"punished with simple imprisonment for a term which may extend to one month, or with fine which may extend to two hundred rupees.",IPC,law_info
what is the punishment for assault or criminal force on grave provocation in terms of imprisonment duration and fine amount?,"the punishment can be simple imprisonment for a term which may extend to one month, or a fine which may extend to two hundred rupees.",IPC,law_info
what are the two types of kidnapping?,"kidnapping from india, and kidnapping from lawful guardianship",IPC,law_info
where does kidnapping from india and kidnapping from lawful guardianship fall under?,these are the two types of kidnapping.,IPC,law_info
what is considered kidnapping from india?,"conveying any person beyond the limits of india without the consent of that person, or of some person legally authorised to consent on behalf of that person",IPC,law_info
what constitutes conveying a person beyond the limits of india without their consent or the consent of a legally authorised person?,this is considered kidnapping from india.,IPC,law_info
what is considered kidnapping from lawful guardianship?,"taking or enticing any minor under sixteen years of age if a male, or under eighteen years of age if a female, or any person of unsound mind, out of the keeping of the lawful guardian of such minor or person of unsound mind, without the consent of such guardian",IPC,law_info
who can be a victim of kidnapping from lawful guardianship without the consent of their guardian?,"any minor under sixteen years of age if a male, or under eighteen years of age if a female, or any person of unsound mind",IPC,law_info
who does the term lawful guardian include in this context?,any person lawfully entrusted with the care or custody of such minor or other person,IPC,law_info
who is considered as a lawful guardian in the context of care or custody of a minor or other person?,any person lawfully entrusted with the care or custody of such minor or other person is considered as a lawful guardian.,IPC,law_info
what is the exception to the rule of kidnapping from lawful guardianship?,"this section does not extend to the act of any person who in good faith believes himself to be the father of an illegitimate child, or who in good faith believes himself to be entitled to the lawful custody of such child, unless such act is committed for an immoral or unlawful purpose",IPC,law_info
who does the rule of kidnapping from lawful guardianship not extend to?,"the rule does not extend to any person who in good faith believes himself to be the father of an illegitimate child, or who in good faith believes himself to be entitled to the lawful custody of such child, unless such act is committed for an immoral or unlawful purpose",IPC,law_info
how is abduction defined?,forcefully compelling or deceitfully inducing any person to go from any place,IPC,law_info
what does it mean to forcefully compel or deceitfully induce any person to go from any place?,this is the definition of abduction.,IPC,law_info
what is the punishment for kidnapping?,"imprisonment of either description for a term which may extend to seven years, and also liable to fine",IPC,law_info
what is the penalty for a crime which may extend to imprisonment for seven years and also includes a fine?,the punishment for kidnapping,IPC,law_info
what is the punishment for kidnapping a minor for the purpose of begging?,"the punishment is imprisonment for a term which may extend to ten years, and also liable to fine.",IPC,law_info
"what is the punishment, including fines, for a crime that may lead to imprisonment for up to ten years?","the punishment for kidnapping a minor for the purpose of begging is imprisonment for a term which may extend to ten years, and also liable to fine.",IPC,law_info
what is the punishment for maiming a minor for the purpose of begging?,"the punishment is imprisonment for life, and also liable to fine.",IPC,law_info
"what is the penalty for someone who has maimed a minor for the purpose of begging, in terms of imprisonment and financial liability?","the penalty is imprisonment for life, and they are also liable to a fine.",IPC,law_info
what is the presumption if a person who is not a lawful guardian of a minor employs or uses such minor for the purposes of begging?,it will be presumed that he kidnapped or otherwise obtained the custody of that minor for the purpose of begging unless the contrary is proved.,IPC,law_info
"what will be presumed if an individual who is not a lawful guardian employs or uses a minor for purposes of begging, unless the contrary is proven?",it will be presumed that he kidnapped or otherwise obtained the custody of that minor for the purpose of begging.,IPC,law_info
what is the definition of begging in this context?,"begging means soliciting or receiving alms in a public place, entering on any private premises for the purpose of soliciting or receiving alms, exposing or exhibiting any sore, wound, injury, deformity or disease for obtaining or extorting alms, and using a minor as an exhibit for the purpose of soliciting or receiving alms.",IPC,law_info
"what does it mean to use a minor as an exhibit for the purpose of soliciting or receiving alms, exposing or exhibiting any sore, wound, injury, deformity or disease for obtaining or extorting alms, and entering on any private premises for the purpose of soliciting or receiving alms in a public place?",this is referred to as begging.,IPC,law_info
what is the definition of minor in this context?,"in the case of a male, a minor is a person under sixteen years of age and in the case of a female, a minor is a person under eighteen years of age.",IPC,law_info
at what age does a male and female stop being considered a minor?,"a male stops being considered a minor at sixteen years of age, and a female at eighteen years of age.",IPC,law_info
what is the punishment for kidnapping or abducting any person in order to murder?,"the punishment is imprisonment for life or rigorous imprisonment for a term which may extend to ten years, and also liable to fine.",IPC,law_info
what does the law prescribe as punishment for someone who kidnaps or abducts a person with the intent to murder?,"the punishment is imprisonment for life or rigorous imprisonment for a term which may extend to ten years, and also liable to fine.",IPC,law_info
what is the offence described under section 364a?,"kidnapping for ransom, etc. this includes kidnapping or abducting any person or keeping a person in detention after such kidnapping or abduction, threatening to cause death or hurt to such person, or by his conduct gives rise to a reasonable apprehension that such person may be put to death or hurt, or causes hurt or death to such person in order to compel the government or any foreign state or international intergovernmental organisation or any other person to do or abstain from doing any act or to pay a ransom.",IPC,law_info
what actions does the crime of kidnapping for ransom under section 364a involve?,"the crime involves kidnapping or abducting any person or keeping a person in detention after such kidnapping or abduction, threatening to cause death or hurt to such person, or by his conduct gives rise to a reasonable apprehension that such person may be put to death or hurt, or causes hurt or death to such person in order to compel the government or any foreign state or international intergovernmental organisation or any other person to do or abstain from doing any act or to pay a ransom.",IPC,law_info
what is the punishment for the offence under section 364a?,"the punishment can be death, or imprisonment for life, and the offender is also liable to fine.",IPC,law_info
what are the possible penalties for someone found guilty of an offence under section 364a?,"the penalties can include death, imprisonment for life, or a fine.",IPC,law_info
what is the offence described under section 365?,kidnapping or abducting with intent secretly and wrongfully to confine person. this includes kidnapping or abducting any person with the intent to cause that person to be secretly and wrongfully confined.,IPC,law_info
which section of the law corresponds to the offence of kidnapping or abducting any person with the intent to cause that person to be secretly and wrongfully confined?,the offence is described under section 365.,IPC,law_info
what is the punishment for the offence under section 365?,"the punishment can be imprisonment of either description for a term which may extend to seven years, and the offender is also liable to fine.",IPC,law_info
what is the maximum term of imprisonment and the additional liability for the offender under a law that penalizes with imprisonment of either description for a term which may extend to seven years?,"the maximum term of imprisonment can be up to seven years, and the offender is also liable to fine, as per the offence under section 365.",IPC,law_info
what is the offence described under section 366?,"kidnapping, abducting or inducing woman to compel her marriage, etc. this includes kidnapping or abducting any woman with intent that she may be compelled, or knowing it to be likely that she will be compelled, to marry any person against her will, or in order that she may be forced or seduced to illicit intercourse, or knowing it to be likely that she will be forced or seduced to illicit intercourse.",IPC,law_info
"which section describes the offence of kidnapping, abducting or inducing a woman to compel her marriage, including scenarios where she may be forced or seduced to illicit intercourse?",section 366 describes this offence.,IPC,law_info
what is the punishment for inducing a woman to illicit intercourse through criminal intimidation or abuse of authority?,"the punishment is imprisonment that may extend to ten years, and the person shall also be liable to fine.",IPC,law_info
what is the penalty for a crime that involves inducing a woman to illicit intercourse through criminal intimidation or abuse of authority?,"the penalty for such a crime is imprisonment that may extend to ten years, and the person shall also be liable to fine.",IPC,law_info
what is the punishment for inducing a minor girl under the age of eighteen years to illicit intercourse?,"the punishment is imprisonment which may extend to ten years, and the person shall also be liable to fine.",IPC,law_info
what is the potential maximum sentence and additional penalties for someone who induces a minor girl under eighteen years to illicit intercourse?,"the potential maximum sentence is imprisonment which may extend to ten years, and the person may also be liable to a fine.",IPC,law_info
what is the punishment for importing a girl under the age of twentyone years from a foreign country with the intent of forcing her to illicit intercourse?,the punishment is imprisonment which may extend to ten years and the person shall also be liable to fine.,IPC,law_info
what is the possible penalty for a person who imports a girl under the age of twentyone years from a foreign country with the intent of forcing her to illicit intercourse?,the penalty can extend to ten years of imprisonment along with a fine.,IPC,law_info
"what is the punishment for kidnapping or abducting a person with the intent to subject them to grievous hurt, slavery, or unnatural lust?","the punishment is imprisonment of either description for a term which may extend to ten years, and the person shall also be liable to fine.",IPC,law_info
"what is the maximum term of imprisonment and potential additional penalty for someone who kidnaps or abducts a person with the intent to subject them to grievous hurt, slavery, or unnatural lust?","the maximum term of imprisonment is ten years, and the person may also be liable to a fine.",IPC,law_info
what is the punishment for wrongfully concealing or keeping in confinement a kidnapped or abducted person?,the text does not provide specific punishment details for this crime.,IPC,law_info
does the text provide specific punishment details for the crime of wrongfully concealing or keeping in confinement a kidnapped or abducted person?,"no, the text does not provide specific punishment details for this crime.",IPC,law_info
what is the minimum punishment for trafficking?,"the minimum punishment for trafficking is rigorous imprisonment for a term not less than seven years, and a fine.",IPC,law_info
what is the punishment for trafficking that includes rigorous imprisonment and a fine?,the punishment for trafficking that includes rigorous imprisonment and a fine is a minimum of seven years of rigorous imprisonment and a fine.,IPC,law_info
what is the punishment for trafficking more than one person?,"the punishment for trafficking more than one person is rigorous imprisonment for a term not less than ten years, which may extend to life imprisonment, and a fine.",IPC,law_info
"what does rigorous imprisonment for a term not less than ten years, which may extend to life imprisonment, and a fine pertain to?",this punishment pertains to trafficking more than one person.,IPC,law_info
what is the punishment for trafficking a minor?,"the punishment for trafficking a minor is rigorous imprisonment for a term not less than ten years, which may extend to life imprisonment, and a fine.",IPC,law_info
"what does the law state as the minimum and maximum punishment for trafficking a minor, including any additional penalties?","the law states that the minimum punishment for trafficking a minor is rigorous imprisonment for a term not less than ten years, and the maximum punishment can extend to life imprisonment. additionally, a fine may be imposed.",IPC,law_info
what is the punishment for trafficking more than one minor?,"the punishment for trafficking more than one minor is rigorous imprisonment for a term not less than fourteen years, which may extend to life imprisonment, and a fine.",IPC,law_info
what does the punishment entail for someone found guilty of trafficking more than one minor?,"the punishment for such a crime includes rigorous imprisonment for a term not less than fourteen years, which may extend to life imprisonment, and a fine.",IPC,law_info
what is the punishment for a person convicted of trafficking a minor on more than one occasion?,"the punishment for a person convicted of trafficking a minor on more than one occasion is imprisonment for life, which means imprisonment for the remainder of that persons natural life, and a fine.",IPC,law_info
what does the sentence of imprisonment for life and a fine mean in relation to a person convicted of trafficking a minor multiple times?,"it means the person is sentenced to spend the remainder of their natural life in prison, and also pay a fine.",IPC,law_info
what is the punishment for a public servant or a police officer involved in trafficking?,"the punishment for a public servant or a police officer involved in trafficking is imprisonment for life, which means imprisonment for the remainder of that persons natural life, and a fine.",IPC,law_info
what does the penalty entail for a public servant or a police officer found guilty of trafficking?,"the penalty for a public servant or a police officer found guilty of trafficking involves imprisonment for life, or the remainder of that persons natural life, and a fine.",IPC,law_info
what is the punishment for someone who knowingly exploits a trafficked minor for sexual purposes?,"the punishment for someone who knowingly exploits a trafficked minor for sexual purposes is rigorous imprisonment for a term not less than five years, which may extend to seven years, and a fine.",IPC,law_info
what is the minimum and maximum jail term and the additional consequence for someone convicted of knowingly exploiting a trafficked minor for sexual purposes?,"the minimum jail term is five years and the maximum can extend up to seven years, in addition to a fine.",IPC,law_info
what is the punishment for someone who knowingly exploits a trafficked person for sexual purposes?,the punishment is not explicitly stated in the provided text.,IPC,law_info
is the punishment for someone who knowingly exploits a trafficked person for sexual purposes explicitly stated in the provided text?,"no, the punishment is not explicitly stated in the provided text.",IPC,law_info
what is the punishment for criminal breach of trust?,"the punishment for criminal breach of trust is imprisonment of either description for a term which may extend to three years, or with fine, or with both.",IPC,law_info
what does the penalty for criminal breach of trust comprise of?,"the penalty for criminal breach of trust comprises of imprisonment of either description for a term which may extend to three years, or with fine, or with both.",IPC,law_info
"what is the punishment for criminal breach of trust by a carrier, wharfinger or warehousekeeper?","the punishment for criminal breach of trust by a carrier, wharfinger or warehousekeeper is imprisonment for a term which may extend to seven years, and they shall also be liable to fine.",IPC,law_info
"what is the maximum term of imprisonment and additional penalties for a carrier, wharfinger, or warehousekeeper found guilty of criminal breach of trust?","the maximum term of imprisonment for a carrier, wharfinger, or warehousekeeper found guilty of criminal breach of trust can extend to seven years, and they shall also be liable to fine.",IPC,law_info
what is the punishment for criminal breach of trust by a clerk or servant?,"the punishment for criminal breach of trust by a clerk or servant is imprisonment for a term which may extend to seven years, and they shall also be liable to fine.",IPC,law_info
"who could face imprisonment for a term which may extend to seven years, and also be liable to fine?","a clerk or servant who commits criminal breach of trust could face imprisonment for a term which may extend to seven years, and also be liable to fine.",IPC,law_info
"what is the punishment for criminal breach of trust by a public servant, banker, merchant or agent?","the punishment for criminal breach of trust by a public servant, banker, merchant or agent is life imprisonment, or imprisonment of either description for a term which may extend to ten years, and they shall also be liable to fine.",IPC,law_info
"who can be sentenced to life imprisonment, or imprisonment of either description for a term which may extend to ten years, along with a fine?","a public servant, banker, merchant or agent convicted of criminal breach of trust can be sentenced to life imprisonment, or imprisonment of either description for a term which may extend to ten years, along with a fine.",IPC,law_info
how is stolen property defined?,"stolen property is defined as property, the possession whereof has been transferred by theft, or by extortion, or by robbery, and property which has been criminally misappropriated or in respect of which criminal breach of trust has been committed, whether the transfer has been made, or the misappropriation or breach of trust has been committed, within or without india.",IPC,law_info
"what does it mean when property possession has been transferred by theft, extortion, or robbery, or when the property has been crimically misappropriated or breached of trust within or without india?",this refers to stolen property.,IPC,law_info
what is the punishment for dishonestly receiving stolen property according to section 411?,"the punishment may extend to three years imprisonment, or with fine, or with both.",IPC,law_info
"how long is the imprisonment period or what is the fine for a crime according to section 411, if it involves dishonestly receiving stolen property?","the imprisonment period may extend to three years, or there may be a fine, or both.",IPC,law_info
how is the crime of dishonestly receiving property stolen in the commission of a dacoity punished according to section 412?,"the punishment can be imprisonment for life, or with rigorous imprisonment for a term which may extend to ten years, and also be liable to a fine.",IPC,law_info
what is the punishment for the crime of dishonestly receiving property stolen in the commission of a dacoity according to section 412?,"the punishment can be imprisonment for life, or with rigorous imprisonment for a term which may extend to ten years, and also be liable to a fine.",IPC,law_info
what is the penalty for habitually dealing in stolen property according to section 413?,"the punishment may be imprisonment for life, or with imprisonment of either description for a term which may extend to ten years, and shall also be liable to fine.",IPC,law_info
what is the maximum punishment for someone who is found guilty of habitually dealing in stolen property according to section 413?,"the maximum punishment may be imprisonment for life, or with imprisonment of either description for a term which may extend to ten years, and the guilty party shall also be liable to fine.",IPC,law_info
what is the punishment for assisting in the concealment of stolen property according to section 414?,the punishment is imprisonment of either description for a term.,IPC,law_info
what is the consequence according to section 414 if someone assists in concealing stolen property?,the consequence is imprisonment of either description for a term.,IPC,law_info
when does a property cease to be considered stolen?,a property ceases to be stolen when it comes into the possession of a person legally entitled to the possession thereof.,IPC,law_info
who becomes the legal possessor of a stolen property for it to cease being considered as stolen?,a person legally entitled to the possession thereof becomes the legal possessor of a stolen property for it to cease being considered as stolen.,IPC,law_info
what is the definition of cheating according to section 415?,"cheating is defined as deceiving any person, fraudulently or dishonestly inducing the person so deceived to deliver any property to any person, or to consent that any person shall retain any property, or intentionally inducing the person so deceived to do or omit to do anything which he would not do or omit if he were not so deceived, and which act or omission causes or is likely to cause damage or harm to that person in body, mind, reputation or property.",IPC,law_info
what does section 415 define as the actions and consequences constituting cheating?,"section 415 defines cheating as deceiving any person, fraudulently or dishonestly inducing the person so deceived to deliver any property to any person, or to consent that any person shall retain any property, or intentionally inducing the person so deceived to do or omit to do anything which he would not do or omit if he were not so deceived, and which act or omission causes or is likely to cause damage or harm to that person in body, mind, reputation or property.",IPC,law_info
what does a dishonest concealment of facts mean in this context?,a dishonest concealment of facts is considered a deception within the meaning of this section.,IPC,law_info
what is considered a deception within the meaning of this section?,a dishonest concealment of facts is considered a deception within the meaning of this section.,IPC,law_info
what is an example of cheating by false pretension?,"an example is when a, by falsely pretending to be in the civil service, intentionally deceives z, and thus dishonestly induces z to let him have on credit goods for which he does not mean to pay.",IPC,law_info
who was deceived by a pretending to be in the civil service and what was the result of this deception?,"z was deceived by a pretending to be in the civil service, which resulted in z dishonestly inducing a to let him have on credit goods for which he did not mean to pay.",IPC,law_info
how does using a counterfeit mark on an article constitute cheating?,"using a counterfeit mark on an article can be considered as cheating if it intentionally deceives another person into a belief that this article was made by a certain celebrated manufacturer, and thus dishonestly induces the person to buy and pay for the article.",IPC,law_info
in what way does using a counterfeit mark on an article deceive another person into believing that the article was made by a certain celebrated manufacturer and dishonestly induce them to purchase it?,"using a counterfeit mark on an article can be viewed as cheating because it intentionally deceives another person into thinking that this article was made by a certain wellknown manufacturer, thereby dishonestly inducing the person to buy and pay for the article.",IPC,law_info
what is an example of cheating by displaying a false sample of an article?,"an example is when a, by exhibiting to z a false sample of an article, intentionally deceives z into believing that the article corresponds with the sample, and thereby dishonestly induces z to buy and pay for the article.",IPC,law_info
"what happens when a exhibits a false sample of an article to z, intentionally deceiving z into believing that the article corresponds with the sample?","a dishonestly induces z to buy and pay for the article, which is an example of cheating by displaying a false sample of an article.",IPC,law_info
how does pledging fake diamond articles constitute cheating?,"pledging fake diamond articles can be considered as cheating if it intentionally deceives another person, and thereby dishonestly induces the person to lend money.",IPC,law_info
why is it considered cheating if someone intentionally deceives another person by pledging fake diamond articles to borrow money?,"it is considered cheating because it dishonestly induces the person to lend money, believing the value of the pledge to be higher than it actually is.",IPC,law_info
what is an example of cheating by deceiving someone into lending money?,"an example is when a intentionally deceives z into a belief that a means to repay any money that z may lend to him and thereby dishonestly induces z to lend him money, a not intending to repay it.",IPC,law_info
"what does it mean if a intentionally deceives z into a belief that a means to repay any money that z may lend to him and thereby dishonestly induces z to lend him money, a not intending to repay it?",this is an example of cheating by deceiving someone into lending money.,IPC,law_info
what is the legal definition of cheating?,"the legal definition of cheating includes instances where one intentionally deceives another, inducing them to advance money or pay money based on false pretenses or broken contracts. this also includes selling or mortgaging property that one has no right to due to previous sale or conveyance, without disclosing this fact.",IPC,law_info
what actions or instances are included in the legal definition of cheating?,"the legal definition of cheating includes actions where one intentionally deceives another, inducing them to advance money or pay money based on false pretenses or broken contracts. it also includes selling or mortgaging property that one has no right to due to previous sale or conveyance, without disclosing this fact.",IPC,law_info
what does cheat by personation mean?,cheat by personation refers to instances of cheating where one pretends to be someone else or knowingly substitutes one person for another. this offence can be committed whether the individual personated is real or imaginary.,IPC,law_info
"in what type of cheating does one pretend to be someone else or knowingly substitutes one person for another, even if the individual personated is real or imaginary?",this type of cheating is referred to as cheat by personation.,IPC,law_info
what are the consequences for cheating?,"cheating can be punished with imprisonment that may extend to one year, or with a fine, or both.",IPC,law_info
what is the punishment for cheating?,"cheating can be punished with imprisonment that may extend to one year, or with a fine, or both.",IPC,law_info
what is cheating with knowledge that wrongful loss may ensue to person whose interest offender is bound to protect?,this refers to situations where one cheats with the knowledge that they are likely to cause wrongful loss to a person whose interests they are obligated to protect in the transaction to which the cheating relates.,IPC,law_info
what does it mean when one cheats with the knowledge that they are likely to cause wrongful loss to a person whose interests they are obligated to protect in the transaction to which the cheating relates?,it refers to cheating with knowledge that wrongful loss may ensue to person whose interest offender is bound to protect.,IPC,law_info
what is the punishment for failing to protect someone you are legally bound to protect?,"the punishment is imprisonment for a term which may extend to three years, or with fine, or with both.",IPC,law_info
"what does the punishment of imprisonment for a term which may extend to three years, or with fine, or with both refer to?",this punishment refers to the failure to protect someone you are legally bound to protect.,IPC,law_info
what is the punishment for cheating by personation?,"the punishment is imprisonment for a term which may extend to three years, or with fine, or with both.",IPC,law_info
"what is the maximum term of imprisonment, fine or both that can be given for a crime?","the maximum term of imprisonment for a crime can be extended to three years, or a fine, or both can be given. this is the punishment for cheating by personation.",IPC,law_info
what is the punishment for cheating and dishonestly inducing delivery of property?,"the punishment is imprisonment for a term which may extend to seven years, and shall also be liable to fine.",IPC,law_info
what is the maximum duration of imprisonment and additional liability for someone who has cheated and dishonestly induced delivery of property?,"the maximum duration of imprisonment can extend to seven years, and they shall also be liable to fine.",IPC,law_info
what is the punishment for dishonest or fraudulent removal or concealment of property to prevent distribution among creditors?,"the punishment is imprisonment for a term which may extend to two years, or with fine, or with both.",IPC,law_info
what is the possible penalty for a person who dishonestly or fraudulently removes or conceals property to prevent distribution among creditors?,"the possible penalty is imprisonment for a term which may extend to two years, or a fine, or both.",IPC,law_info
what is the punishment for dishonestly or fraudulently preventing debt being available for creditors?,"the punishment is imprisonment for a term which may extend to two years, or with fine, or with both.",IPC,law_info
"what is the maximum imprisonment term, or other potential penalties, for preventing debt from being available to creditors fraudulently or dishonestly?","the maximum imprisonment term is two years, it can also be a fine, or both.",IPC,law_info
"what is the punishment for dishonestly or fraudulently signing, executing or becoming a party to any deed or instrument which purports to transfer or subject to any charge any property, and which contains any false statement?","the punishment is imprisonment of either description for a term which may extend to two years, or with fine, or with both.",IPC,law_info
what is the maximum term of imprisonment or other potential penalties for a person who dishonestly or fraudulently signs a deed or instrument containing false statements regarding property transfer or charge?,"the maximum term of imprisonment can extend to two years, and the person may also be subjected to a fine or both.",IPC,law_info
what is the punishment for dishonestly or fraudulently concealing or removing any property of himself or any other person?,"the punishment is imprisonment of either description for a term which may extend to two years, or with fine, or with both.",IPC,law_info
what could be the possible consequences if someone dishonestly or fraudulently conceals or removes any property of himself or any other person?,"the possible consequences could be imprisonment of either description for a term which may extend to two years, or with fine, or with both.",IPC,law_info
what is the definition of mischief as per the text?,"mischief is causing wrongful loss or damage to the public or to any person, causing the destruction of any property, or any such change in any property or in the situation thereof as destroys or diminishes its value or utility, or affects it injuriously.",IPC,law_info
"which term refers to causing wrongful loss or damage to the public or to any person, causing the destruction of any property, or any such change in any property or in the situation thereof as destroys or diminishes its value or utility, or affects it injuriously?",the term is mischief.,IPC,law_info
is it essential for the offence of mischief that the offender should intend to cause loss or damage to the owner of the property injured or destroyed?,"no, it is not essential for the offence of mischief that the offender should intend to cause loss or damage to the owner of the property injured or destroyed. it is sufficient if he intends to cause, or knows that he is likely to cause, wrongful loss or damage to any person by injuring any property, whether it belongs to that person or not.",IPC,law_info
"is it sufficient for the offence of mischief if the offender intends to cause, or knows that he is likely to cause, wrongful loss or damage to any person by injuring any property, whether it belongs to that person or not?","yes, it is sufficient for the offence of mischief that the offender intends to cause, or knows that he is likely to cause, wrongful loss or damage to any person by injuring any property, whether it belongs to that person or not.",IPC,law_info
"can mischief be committed by an act affecting property belonging to the person who commits the act, or to that person and others jointly?","yes, mischief can be committed by an act affecting property belonging to the person who commits the act, or to that person and others jointly.",IPC,law_info
is it possible for someone to commit mischief by affecting property that belongs to themself or jointly with others?,"yes, it is possible for someone to commit mischief by affecting property that belongs to themself or jointly with others.",IPC,law_info
what is an illustration of committing mischief?,a voluntarily burns a valuable security belonging to z intending to cause wrongful loss to z. this is an act of committing mischief.,IPC,law_info
who suffers a wrongful loss when a voluntarily burns a valuable security?,z suffers a wrongful loss when a voluntarily burns a valuable security.,IPC,law_info
what is the punishment for damaging a seamark or other navigational aid?,"the punishment may extend to seven years of imprisonment, a fine, or both.",IPC,law_info
"what penalty can be given for a crime that may result in up to seven years of imprisonment, a fine, or both?","damaging a seamark or other navigational aid can result in a punishment of up to seven years of imprisonment, a fine, or both.",IPC,law_info
what is the punishment for destroying or moving a landmark fixed by public authority?,"the punishment may extend to one year of imprisonment, a fine, or both.",IPC,law_info
what can the punishment include if someone is found guilty of destroying or moving a landmark fixed by public authority?,"the punishment may extend to one year of imprisonment, a fine, or both.",IPC,law_info
what is the punishment for causing damage by fire or explosive substance to property of a certain value?,the punishment may extend to seven years of imprisonment and may also include a fine.,IPC,law_info
what is the possible maximum sentence and additional penalty for someone who has caused damage to property of a certain value using fire or an explosive substance?,the maximum sentence can be up to seven years imprisonment and it may also include a fine.,IPC,law_info
what is the punishment for causing destruction of a building used as a place of worship or dwelling by fire or explosive substance?,"the punishment may be imprisonment for life, or imprisonment for a term which may extend to ten years, and may also include a fine.",IPC,law_info
what is the potential sentence for someone who has caused destruction of a building used as a place of worship or dwelling by fire or explosive substance?,"the potential sentence may be imprisonment for life, or imprisonment for a term which may extend to ten years, and may also include a fine.",IPC,law_info
what is the punishment for committing mischief to any decked vessel or any vessel of a burden of twenty tons?,the text does not provide specific punishment details for this act.,IPC,law_info
does the text provide specific punishment details for committing mischief to any decked vessel or any vessel of a burden of twenty tons?,"no, the text does not provide specific punishment details for this act.",IPC,law_info
what is the punishment for intentionally destroying or rendering a vessel unsafe?,"the punishment is imprisonment of either description for a term which may extend to ten years, and a fine.",IPC,law_info
what is the potential sentence and fine for a crime that involves intentionally destroying or rendering a vessel unsafe?,"the potential sentence for this crime is imprisonment of either description for a term which may extend to ten years, and a fine.",IPC,law_info
what is the punishment for committing the mischief described in section 437 by fire or explosive substance?,"the punishment is imprisonment for life or imprisonment of either description for a term which may extend to ten years, and a fine.",IPC,law_info
"what is the maximum penalty for a crime that results in imprisonment for life, or imprisonment of either description for a term which may extend to ten years, and a fine?","committing the mischief described in section 437 by fire or explosive substance is punishable by imprisonment for life, or imprisonment of either description for a term which may extend to ten years, and a fine.",IPC,law_info
what is the punishment for intentionally running a vessel aground with intent to commit theft?,"the punishment is imprisonment of either description for a term which may extend to ten years, and a fine.",IPC,law_info
what does a sentence potentially extend to for someone who intentionally runs a vessel aground with intent to commit theft?,"the sentence potentially extends to imprisonment of either description for a term which may extend to ten years, and a fine.",IPC,law_info
what is the punishment for committing mischief after preparation made for causing death or hurt?,"the punishment is imprisonment of either description for a term which may extend to five years, and a fine.",IPC,law_info
what is the potential sentence and penalty for a crime that involves committing mischief after preparation made for causing death or hurt?,"the potential sentence is imprisonment of either description for a term which may extend to five years, and a fine.",IPC,law_info
what is the definition of criminal trespass?,"criminal trespass is entering into or upon property in the possession of another with intent to commit an offence or to intimidate, insult or annoy any person in possession of such property, or having lawfully entered into or upon such property, unlawfully remains there with intent thereby to intimidate, insult or annoy any such person, or with intent to commit an offence.",IPC,law_info
"what does it mean when someone unlawfully enters into or upon property with the intent to commit an offence, intimidate, insult or annoy any person in possession of the property, or unlawfully remains there with similar intentions?",that is the definition of criminal trespass.,IPC,law_info
what constitutes housetrespass?,"housetrespass is committed by anyone who commits criminal trespass by entering or remaining in any building, tent or vessel used as a human dwelling or any building used as a place for worship, or as a place for the custody of property. the introduction of any part of the criminal trespassers body is entering sufficient to constitute housetrespass.",IPC,law_info
"if someone commits criminal trespass by entering or remaining in a building, tent, or vessel used as a human dwelling or a place for worship or custody of property, what crime are they committing?",they are committing housetrespass.,IPC,law_info
what is lurking housetrespass?,"lurking housetrespass is committed by a person who commits housetrespass having taken precautions to conceal such housetrespass from some person who has a right to exclude or eject the trespasser from the building, tent or vessel which is the subject of the trespass.",IPC,law_info
who commits lurking housetrespass and how?,"lurking housetrespass is committed by a person who commits housetrespass having taken precautions to conceal such housetrespass from some person who has a right to exclude or eject the trespasser from the building, tent or vessel which is the subject of the trespass.",IPC,law_info
what is lurking housetrespass by night?,lurking housetrespass by night is committed by a person who commits lurking housetrespass after sunset and before sunrise.,IPC,law_info
when is lurking housetrespass by night committed?,lurking housetrespass by night is committed after sunset and before sunrise.,IPC,law_info
what is housebreaking?,"housebreaking is committed by a person who commits housetrespass if he effects his entrance into the house or any part of it in any of the six ways described or if, being in the house or any part of it for the purpose of committing an offence, or having committed an offence therein, he quits the house or any part of it in any of such six ways.",IPC,law_info
"what does a person do to commit housebreaking, and what are the possible ways of entering and exiting the house involved in this offence?","a person commits housebreaking by committing housetrespass. this involves effecting an entrance into the house or any part of it in any of the six described ways. if the person is in the house or any part of it for the purpose of committing an offence, or has committed an offence therein, he quits the house or any part of it in any of such six ways.",IPC,law_info
what are the six ways a person can commit housebreaking?,"a person can commit housebreaking by entering or quitting through a passage made by himself or an abettor of the housetrespass, entering or quitting through any passage not intended for human entrance or any passage to which he has obtained access by scaling or climbing over any wall or building, or entering or quitting through any passage which he or any abettor of the housetrespass has opened in order to commit the housetrespass.",IPC,law_info
"how can a person commit housebreaking by entering or quitting through a passage made by himself or an abettor of the housetrespass, entering or quitting through any passage not intended for human entrance or any passage to which he has obtained access by scaling or climbing over any wall or building, or entering or quitting through any passage which he or any abettor of the housetrespass has opened in order to commit the housetrespass?",these are the six ways a person can commit housebreaking.,IPC,law_info
what is considered housebreaking according to the provided text?,"housebreaking is considered when a person enters or quits a house by using criminal force, committing an assault, threatening any person with assault, or by opening any lock in order to commit the trespass. it also includes entering or quitting by any passage known to have been fastened against such entrance or departure and unfastened by the trespasser or an abettor.",IPC,law_info
what actions are included in the definition of housebreaking?,"housebreaking includes when a person enters or quits a house by using criminal force, committing an assault, threatening any person with assault, or by opening any lock in order to commit the trespass. it also includes entering or quitting by any passage known to have been fastened against such entrance or departure and unfastened by the trespasser or an abettor.",IPC,law_info
what instances are given as examples of housebreaking?,"the instances given include making a hole through the wall and putting a hand through the aperture, entering a ship at a porthole between decks, entering a house through a window, entering a house through the door after opening a fastened door, entering a house through the door after lifting a latch with a wire, entering a house after opening the door with a found key, forcing a passage by knocking a person down, and threatening a doorkeeper to deter them from opposing.",IPC,law_info
"what does making a hole through the wall and putting a hand through the aperture, entering a ship at a porthole between decks, entering a house through a window, entering a house through the door after opening a fastened door, entering a house through the door after lifting a latch with a wire, entering a house after opening the door with a found key, forcing a passage by knocking a person down, and threatening a doorkeeper to deter them from opposing refer to?",these instances are given as examples of housebreaking.,IPC,law_info
what is housebreaking by night according to section 446?,housebreaking by night is when someone commits housebreaking after sunset and before sunrise.,IPC,law_info
when does someone commit housebreaking by night?,someone commits housebreaking by night after sunset and before sunrise.,IPC,law_info
what is considered part of the house according to the given explanation?,"any outhouse or building occupied with a house, and between which and such house there is an immediate internal communication, is considered part of the house.",IPC,law_info
what defines a structure as being considered part of a house according to the given explanation?,a structure is considered part of a house if it is an outhouse or building occupied with the house and there is an immediate internal communication between them.,IPC,law_info
what is the punishment for criminal trespass?,"the punishment for criminal trespass is imprisonment of either description for a term which may extend to three months, or with fine which may extend to five hundred rupees, or with both.",IPC,law_info
what does the legal consequence of a criminal trespass potentially include?,"the legal consequence of a criminal trespass can potentially include imprisonment of either description for a term which may extend to three months, or a fine which may extend to five hundred rupees, or both.",IPC,law_info
what is the punishment for housetrespass?,"the punishment for housetrespass is imprisonment of either description for a term which may extend to one year, or with fine which may extend to one thousand rupees, or with both.",IPC,law_info
what may the imprisonment term and fine extend to for the crime of housetrespass?,the imprisonment term can extend to one year and the fine can extend to one thousand rupees for the crime of housetrespass.,IPC,law_info
what is the punishment for housetrespass in order to commit offence punishable with death?,"the punishment for housetrespass in order to commit offence punishable with death is imprisonment for life, or with rigorous imprisonment for a term not exceeding ten years, and shall also be liable to fine.",IPC,law_info
what is the punishment for someone who commits housetrespass with the intention to commit an offence punishable with death?,"the punishment for such an act is imprisonment for life, or with rigorous imprisonment for a term not exceeding ten years, and the person shall also be liable to fine.",IPC,law_info
what is the punishment for housetrespass in order to commit offence punishable with imprisonment for life?,"the punishment for housetrespass in order to commit offence punishable with imprisonment for life is imprisonment of either description for a term not exceeding ten years, and shall also be liable to fine.",IPC,law_info
what is the penalty for committing housetrespass with the intent to commit a crime that could result in life imprisonment?,"the penalty for committing housetrespass with the intent to commit a crime that could result in life imprisonment is imprisonment of either description for a term not exceeding ten years, and a potential fine.",IPC,law_info
what is the punishment for housetrespass in order to commit offence punishable with imprisonment?,"the punishment for housetrespass in order to commit offence punishable with imprisonment is imprisonment of either description for a term which may extend to two years, and shall also be liable to fine and if the offence intended to be committed is theft, the term of the imprisonment may be extended to seven years.",IPC,law_info
what is the maximum term of imprisonment for housetrespass intending to commit theft?,the maximum term of imprisonment for housetrespass intending to commit theft can extend up to seven years.,IPC,law_info
"what is the punishment for housetrespass after preparation for hurt, assault or wrongful restraint?","the punishment for housetrespass after preparation for hurt, assault or wrongful restraint is not specified in the given text.",IPC,law_info
"is the punishment for housetrespass after preparation for hurt, assault or wrongful restraint specified in the given text?","no, the punishment for housetrespass after preparation for hurt, assault or wrongful restraint is not specified in the given text.",IPC,law_info
what is the punishment for lurking housetrespass or housebreaking?,"the punishment for lurking housetrespass or housebreaking is imprisonment of either description for a term which may extend to two years, and a liable fine.",IPC,law_info
what is the imprisonment term and potential fine for a crime which involves lurking housetrespass or housebreaking?,"the imprisonment term for such a crime may extend to two years, and there may also be a liable fine.",IPC,law_info
"if the offender commits lurking housetrespass or housebreaking with the intent to commit an offence punishable with imprisonment, what is the punishment?","the punishment is imprisonment of either description for a term which may extend to three years, and a liable fine. if the intended offence is theft, the term of the imprisonment may be extended to ten years.",IPC,law_info
"what is the maximum term of imprisonment for someone who commits lurking housetrespass or housebreaking with the intention of committing theft, and what is the general punishment for such offences?","the maximum term of imprisonment for someone who commits lurking housetrespass or housebreaking with the intention of committing theft is ten years. the general punishment for such offences is imprisonment of either description for a term which may extend to three years, and a liable fine.",IPC,law_info
"what is the punishment for lurking housetrespass or housebreaking after preparation for hurt, assault or wrongful restraint?","the punishment is imprisonment of either description or a term which may extend to ten years, and a liable fine.",IPC,law_info
"what is the term of imprisonment and potential fine for a crime that involves lurking housetrespass or housebreaking after preparation for hurt, assault or wrongful restraint?","the term of imprisonment may extend to ten years, and a fine may be levied.",IPC,law_info
what is the punishment for lurking housetrespass or housebreaking by night?,"the punishment for lurking housetrespass or housebreaking by night is imprisonment of either description for a term which may extend to three years, and a liable fine.",IPC,law_info
what is the maximum term of imprisonment and potential fine for lurking housetrespass or housebreaking by night?,"the maximum term of imprisonment for lurking housetrespass or housebreaking by night is three years, and a liable fine.",IPC,law_info
what is the punishment for lurking housetrespass or housebreaking by night with the intent to commit an offence punishable with imprisonment?,"the punishment is imprisonment of either description for a term which may extend to five years, and a liable fine.",IPC,law_info
"what is the punishment for a crime that involves housetrespass or housebreaking by night with the intent to commit an offence, and is punishable with either type of imprisonment up to five years, along with a liable fine?","the punishment for lurking housetrespass or housebreaking by night with the intent to commit an offence punishable with imprisonment is imprisonment of either description for a term which may extend to five years, and a liable fine.",IPC,law_info
"what is the punishment for someone who commits lurking housetrespass by night, or housebreaking by night, having made preparation for causing hurt to any person or for assaulting any person, or for wrongfully restraining any person, or for putting any person in fear of hurt, or of assault, or of wrongful restraint?","the person shall be punished with imprisonment of either description for a term which may extend to fourteen years, and shall also be liable to fine.",IPC,law_info
"what is the maximum term of imprisonment and additional penalties for a person who is found guilty of lurking housetrespass by night or housebreaking by night, having made preparation for causing hurt, assaulting, wrongfully restraining any person, or for putting any person in fear of hurt, assault or wrongful restraint?","the maximum term of imprisonment is fourteen years, and the person may also be liable to a fine.",IPC,law_info
"what is the punishment for someone who, whilst committing lurking housetrespass or housebreaking, causes grievous hurt to any person or attempts to cause death or grievous hurt to any person?","the person shall be punished with imprisonment for life, or imprisonment of either description for a term which may extend to ten years, and shall also be liable to fine.",IPC,law_info
what is the penalty for someone who causes grievous hurt or attempts to cause death while committing lurking housetrespass or housebreaking?,"the person shall be punished with imprisonment for life, or imprisonment of either description for a term which may extend to ten years, and shall also be liable to fine.",IPC,law_info
what is the punishment for all persons jointly concerned in lurking housetrespass or housebreaking by night punishable where death or grievous hurt caused by one of them?,"every person jointly concerned in committing such lurking housetrespass by night or housebreaking by night, shall be punished with imprisonment for life, or with imprisonment of either description for a term which may extend to ten years, and shall also be liable to fine.",IPC,law_info
"what is the penalty for every person jointly involved in the act of lurking housetrespass by night or housebreaking by night, where death or grievous harm is caused by one of them?","the punishment for all persons jointly concerned in such act is imprisonment for life, or imprisonment of either description for a term which may extend to ten years, and they are also liable to a fine.",IPC,law_info
"what is the punishment for someone who dishonestly or with intent to commit mischief, breaks open or unfastens any closed receptacle which contains property?",the text does not provide a specific punishment for this offence.,IPC,law_info
"does the text provide a specific punishment for someone who dishonestly or with intent to commit mischief, breaks open or unfastens any closed receptacle which contains property?","no, the text does not provide a specific punishment for this offence.",IPC,law_info
what is the punishment for someone entrusted with a closed property receptacle who breaks it open without permission?,"the punishment can extend to three years imprisonment, a fine, or both.",IPC,law_info
"what can be the punishment for a person who, without permission, breaks open a closed property receptacle that they are entrusted with?","the punishment can extend to three years imprisonment, a fine, or both.",IPC,law_info
what is the punishment for someone who dishonestly opens a closed receptacle containing property believing it contains property?,"the punishment can extend to two years imprisonment, a fine, or both.",IPC,law_info
what is the maximum penalty for a person who dishonestly opens a closed receptacle containing property?,"the maximum penalty can extend to two years imprisonment, a fine, or both.",IPC,law_info
what does the term forgery refer to in this context?,"forgery refers to the act of making any false document or false electronic record with the intention to cause damage, support a false claim, cause someone to part with property, enter into a contract, or commit fraud.",IPC,law_info
"what is the act of making any false document or false electronic record with the intent to cause damage, support a false claim, cause someone to part with property, enter into a contract, or commit fraud called?",this act is called forgery.,IPC,law_info
what actions are considered as making a false document or false electronic record?,"making, signing, sealing, executing a document, transmitting an electronic record, affixing an electronic signature on any electronic record, or making any mark denoting the execution of a document or authenticity of the electronic signature are considered as making a false document.",IPC,law_info
"what does making, signing, sealing, executing a document, transmitting an electronic record, affixing an electronic signature on any electronic record, or making any mark denoting the execution of a document or authenticity of the electronic signature fall under?",these actions are considered as making a false document or false electronic record.,IPC,law_info
what is the intention behind making a false document according to the text?,the intention is to cause it to be believed that the document or signature was authorized by a person who did not actually authorize it.,IPC,law_info
"what is the purpose of causing a document or signature to be believed as authorized by a person who didnt actually authorize it, according to the text?",the intention is to create a false document.,IPC,law_info
what does the text refer to as altering a document or electronic record?,"the text refers to altering a document or electronic record as modifying it in any material part after it has been made, executed or affixed with an electronic signature, either by the person himself or by another person, regardless of whether that person is alive or dead at the time of alteration.",IPC,law_info
"what is the definition of modifying a document or electronic record, according to the text?","according to the text, modifying a document or electronic record is referred to as altering it in any material part after it has been made, executed or affixed with an electronic signature, either by the person himself or by another person, regardless of whether that person is alive or dead at the time of alteration.",IPC,law_info
what is considered dishonest or fraudulent according to the text?,"according to the text, causing any person to sign, seal, execute or alter a document or an electronic record, or to affix his electronic signature on any electronic record, with the knowledge that such person, due to unsoundness of mind or intoxication, cannot understand the contents or the nature of the alteration, is considered dishonest or fraudulent.",IPC,law_info
"what does the text consider as dishonest or fraudulent when a person, due to unsoundness of mind or intoxication, signs, seals, executes or alters a document or an electronic record, or affixes his electronic signature on any electronic record without understanding its contents or the nature of the alteration?",the text considers causing such a person to carry out these actions with the knowledge of their incapacity as dishonest or fraudulent.,IPC,law_info
what is the illustration of a committing forgery with a letter of credit?,"a commits forgery by adding a cipher to a letter of credit upon b for rupees 10,000, written by z, thereby making the sum 1,00,000 with the intent of making b believe that z wrote the letter in that way.",IPC,law_info
"how did a commit forgery using a letter of credit written by z for b for rupees 10,000?","a commits forgery by adding a cipher to the letter of credit, thereby making the sum 1,00,000 with the intent of making b believe that z wrote the letter in that way.",IPC,law_info
what example is given of a committing forgery with a conveyance of an estate?,"a commits forgery by affixing zs seal without zs authority to a document purporting to be a conveyance of an estate from z to a, with the intention of selling the estate to b and thereby obtaining the purchasemoney from b.",IPC,law_info
how does a commit forgery in the process of selling an estate to b using zs seal without zs authority?,"a commits forgery by affixing zs seal without zs authority to a document purporting to be a conveyance of an estate from z to a, with the intention of selling the estate to b and thereby obtaining the purchasemoney from b.",IPC,law_info
how does a commit forgery with a cheque according to the given illustration?,"a commits forgery by picking up a cheque on a banker signed by b, payable to bearer, but without any sum having been inserted in the cheque. a then fraudulently fills up the cheque by inserting the sum of ten thousand rupees.",IPC,law_info
"what does a do to commit forgery using a cheque signed by b, payable to bearer, but without any sum inserted?",a commits forgery by fraudulently filling up the cheque by inserting the sum of ten thousand rupees.,IPC,law_info
what happens when a leaves a cheque with b according to the illustration?,"a leaves a cheque with b, his agent, signed by a, without inserting the sum payable and authorizes b to fill up the cheque by inserting a sum not exceeding ten thousand rupees for the purpose of making certain payments.",IPC,law_info
"who is authorized to fill up the cheque, what is the maximum sum they can insert, and for what purpose, when a leaves a cheque with b?","b, who is as agent, is authorized to fill up the cheque by inserting a sum not exceeding ten thousand rupees for the purpose of making certain payments.",IPC,law_info
what crime does b commit if he fraudulently fills up a cheque by inserting the sum of twenty thousand rupees?,forgery,IPC,law_info
what is the term for the crime committed when an individual fraudulently fills up a cheque by inserting the sum of twenty thousand rupees?,forgery,IPC,law_info
what crime is a guilty of if he draws a bill of exchange on himself in the name of b without bs authority?,forgery,IPC,law_info
what is the term for the crime committed when a draws a bill of exchange on himself in the name of b without bs authority?,forgery,IPC,law_info
what crime does a commit if he dishonestly scratches out bs name from zs will?,forgery,IPC,law_info
what is the term for the crime committed when a dishonestly scratches out bs name from zs will?,forgery,IPC,law_info
what crime does b commit if he dishonestly erases the words pay to z or his order on a government promissory note?,forgery,IPC,law_info
what is the crime committed by someone if they dishonestly erase the words pay to z or his order on a government promissory note?,forgery,IPC,law_info
"what crime does a commit if he executes a conveyance of the same estate to b, dated six months earlier than the date of the conveyance to z?",forgery,IPC,law_info
"what is the crime committed by someone who executes a conveyance of the same estate to another person, dated six months earlier than the date of the conveyance to a third party?",forgery,IPC,law_info
what crime does a commit if he intentionally writes down a different legatee named by z in zs will?,forgery,IPC,law_info
what is the crime committed by a person who intentionally writes down a different legatee named by another in their will?,forgery,IPC,law_info
what crime does a commit if he writes a letter and signs it with bs name without bs authority?,forgery,IPC,law_info
what is the crime called when a writes a letter and signs it with bs name without bs authority?,forgery,IPC,law_info
what is considered forgery according to the first example?,"a signing his own name to a bill of exchange, intending that it may be believed that the bill was drawn by another person of the same name.",IPC,law_info
"who is the person that commits forgery in the first example by signing his own name to a bill of exchange, intending that it may be believed that the bill was drawn by another person of the same name?",a,IPC,law_info
what is the forgery committed in the second example?,"a writing the word accepted on a piece of paper and signing it with zs name, so that b may later write a bill of exchange drawn by b on z, and negotiate the bill as though it had been accepted by z.",IPC,law_info
"what does it mean when someone writes the word accepted on a piece of paper and signs it with zs name, so that b may later write a bill of exchange drawn by b on z, and negotiate the bill as though it had been accepted by z?",it is a forgery committed in the second example.,IPC,law_info
how does a commit forgery in the third example?,"a picks up a bill of exchange payable to the order of a different person of the same name, and endorses the bill in his own name, intending to cause it to be believed that it was endorsed by the person to whom it was payable.",IPC,law_info
what does a do with a bill of exchange payable to someone of the same name to commit forgery in the third example?,"a picks up the bill of exchange and endorses it in his own name, intending to cause it to be believed that it was endorsed by the person to whom it was payable.",IPC,law_info
what is the forgery committed in the fourth example?,"b, in collusion with z, executes a lease of the estate to z at a nominal rent and for a long period, and dates the lease six months prior to the seizure, with intent to defraud a and to cause it to be believed that the lease was granted before the seizure.",IPC,law_info
"who did b collude with to execute a lease of the estate at a nominal rent and for a long period, dating the lease six months prior to the seizure, with the intent to defraud a and make it appear the lease was granted before the seizure?",z,IPC,law_info
how does a commit forgery in the fifth example?,"a, in anticipation of insolvency, lodges effects with b for as benefit, with intent to defraud his creditors, and writes a promissory note binding himself to pay b a sum for value received, and antedates the note, intending that it may be believed to have been made before a was on the point of insolvency.",IPC,law_info
"what actions did a take with b in anticipation of insolvency, intending to defraud his creditors, in the fifth example?","a lodges effects with b for as own benefit, writes a promissory note binding himself to pay b a sum for value received, and antedates the note, hoping it would be believed to have been made before a was on the brink of insolvency.",IPC,law_info
what is considered as forgery according to explanation 2?,"the making of a false document in the name of a fictious person, intending it to be believed that the document was made by a real person, or in the name of a deceased person, intending it to be believed that the document was made by the person in his lifetime.",IPC,law_info
"what does the making of a false document in the name of a fictious person, intending it to be believed that the document was made by a real person, or in the name of a deceased person, intending it to be believed that the document was made by the person in his lifetime, refer to in explanation 2?",it is considered as forgery.,IPC,law_info
what is the punishment for forgery?,"whoever commits forgery shall be punished with imprisonment of either description for a term which may extend to two years, or with fine, or with both.",IPC,law_info
what is the maximum prison sentence and potential fines for someone who commits forgery?,"the maximum prison sentence for someone who commits forgery can extend to two years, and they may also be fined or experience both penalties.",IPC,law_info
what is the punishment for forging a record of court or of public register?,"whoever forges a document or an electronic record, purporting to be a record or proceeding of or in a court of justice, or a register of birth, baptism, marriage or burial, or a register kept by a public servant as such, or a certificate or document purporting to be made by a public servant in his official capacity, or an authority to institute or defend a suit, or to take any proceedings therein, or to confess judgment, or a power of attorney, shall be punished with imprisonment of either description for a term which may extend to seven years, and shall also be liable to fine.",IPC,law_info
"what is the penalty for someone who forges a document or an electronic record, purporting to be a record or proceeding of or in a court of justice, or a register of birth, baptism, marriage or burial, or a register kept by a public servant as such, or a certificate or document purporting to be made by a public servant in his official capacity, or an authority to institute or defend a suit, or to take any proceedings therein, or to confess judgment, or a power of attorney?","the punishment for forging such a record is imprisonment of either description for a term which may extend to seven years, and they shall also be liable to fine.",IPC,law_info
what is considered as a register according to the explanation under section 466?,"for the purposes of this section, register includes any list, data or record of any entries maintained in the electronic form as defined in clause r of subsection 1 of section 2 of the information technology act, 2000 21 of 2000.",IPC,law_info
what does the term register include as defined for the purposes of section 466?,"register includes any list, data or record of any entries maintained in the electronic form as defined in clause r of subsection 1 of section 2 of the information technology act, 2000 21 of 2000.",IPC,law_info
what does the section 467 imply?,"whoever forges a document which purports to be a valuable security or a will, or an authority to adopt a son.",IPC,law_info
"what document does section 467 refer to when it mentions about a forged document which purports to be a valuable security, a will, or an authority to adopt a son?",section 467,IPC,law_info
what is the punishment for forging a document that gives authority to any person to make valuable security transfers or receive money or valuable property?,"the punishment can be imprisonment for life, or imprisonment of either description for a term which may extend to ten years, and shall also be liable to fine.",IPC,law_info
"what crime can lead to a punishment of imprisonment for life, or imprisonment of either description for a term which may extend to ten years, and also a liable fine?",forging a document that gives authority to any person to make valuable security transfers or receive money or valuable property can lead to such punishment.,IPC,law_info
what is the penalty for forgery with the intent of cheating?,"the penalty is imprisonment of either description for a term which may extend to seven years, and shall also be liable to fine.",IPC,law_info
"what is the punishment for a crime that may result in imprisonment of either description for a term which may extend to seven years, and also includes a liability to fine?",the punishment is for forgery with the intent of cheating.,IPC,law_info
what is the punishment for forgery with the intent of harming reputation?,"the punishment is imprisonment of either description for a term which may extend to three years, and shall also be liable to fine.",IPC,law_info
what is the penalty for a person who commits forgery with the intent of harming reputation?,"the punishment is imprisonment of either description for a term which may extend to three years, and shall also be liable to fine.",IPC,law_info
how is a false document made wholly or in part by forgery designated?,it is designated as a forged document or electronic record.,IPC,law_info
what is the designation of a document made wholly or in part by forgery?,it is designated as a forged document or electronic record.,IPC,law_info
what is the penalty for fraudulently or dishonestly using a forged document or electronic record as genuine?,the penalty is the same as if the person had forged such document or electronic record.,IPC,law_info
what is the penalty for a person who had forged a document or electronic record?,the penalty is the same as if the person had fraudulently or dishonestly used such forged document or electronic record as genuine.,IPC,law_info
"what is the punishment for making or possessing a counterfeit seal, plate or other instrument with intent to commit forgery?",the text does not provide a specific punishment for this action.,IPC,law_info
"does the text provide a specific punishment for making or possessing a counterfeit seal, plate or other instrument with intent to commit forgery?","no, the text does not provide a specific punishment for this action.",IPC,law_info
what is the punishment for making or possessing counterfeit seals with the intent to commit forgery under section 467?,"the person shall be punished with imprisonment for life, or with imprisonment of either description for a term which may extend to seven years, and shall also be liable to fine.",IPC,law_info
what is the penalty for a person who is convicted of making or possessing counterfeit seals with the intent to commit forgery?,"the person shall be punished with imprisonment for life, or with imprisonment of either description for a term which may extend to seven years, and shall also be liable to fine.",IPC,law_info
what is the punishment for making or possessing counterfeit seals with the intent to commit forgery under any section other than 467?,"the person shall be punished with imprisonment of either description for a term which may extend to seven years, and shall also be liable to fine.",IPC,law_info
for how long can a person be imprisoned and what additional penalty may they face if they make or possess counterfeit seals with the intent to commit forgery under any section other than 467?,"the person can be imprisoned for a term which may extend to seven years, and they shall also be liable to fine.",IPC,law_info
"what is the punishment for having possession of a document described in section 466 or 467, knowing it to be forged and intending to use it as genuine?","the person shall be punished with imprisonment of either description for a term which may extend to seven years, and shall also be liable to fine.",IPC,law_info
"what is the maximum term of imprisonment and additional penalties for someone who is found guilty of possessing a forged document as described in section 466 or 467, with the intention to use it as genuine?","the maximum term of imprisonment may extend to seven years, and the person may also be liable to a fine.",IPC,law_info
"what was substituted by act 10 of 2009, s. 51?",the term digital signature was substituted.,IPC,law_info
"what term was substituted by act 10 of 2009, s. 51?",the term digital signature was substituted.,IPC,law_info
"what was the substitution made by act 26 of 1955, s. 117 and the sch.?",transportation for life was substituted with imprisonment for life.,IPC,law_info
"what was imprisonment for life replaced with in act 26 of 1955, s. 117 and the sch.?",imprisonment for life replaced transportation for life.,IPC,law_info
what is the punishment for the crimes mentioned in section 467?,"the punishment is imprisonment for life, or with imprisonment of either description, for a term which may extend to seven years, and shall also be liable to fine.",IPC,law_info
"what type of punishment is prescribed for a crime that could lead to imprisonment for life, or with imprisonment of either description, for a term which may extend to seven years, and also includes a fine?",this type of punishment is prescribed for the crimes mentioned in section 467.,IPC,law_info
what is the crime described in section 475?,"the crime is counterfeiting a device or mark used for authenticating documents described in section 467, or possessing counterfeit marked material.",IPC,law_info
"which section describes the crime of counterfeiting a device or mark used for authenticating documents described in section 467, or possessing counterfeit marked material?",section 475 describes this crime.,IPC,law_info
what is the punishment for the crime described in section 475?,"the punishment is imprisonment for life, or with imprisonment of either description for a term which may extend to seven years, and shall also be liable to fine.",IPC,law_info
"which section of the law describes a crime punishable by imprisonment for life, or with imprisonment of either description for a term which may extend to seven years, and also includes a fine?",section 475 describes such a crime.,IPC,law_info
what is the crime described in section 476?,"the crime is counterfeiting a device or mark used for authenticating documents other than those described in section 467, or possessing counterfeit marked material.",IPC,law_info
"what crime is associated with counterfeiting a device or mark used for authenticating documents other than those described in section 467, or possessing counterfeit marked material?",the crime is described in section 476.,IPC,law_info
what is the punishment for the crime described in section 476?,"the punishment is imprisonment of either description for a term which may extend to seven years, and shall also be liable to fine.",IPC,law_info
"which section of the law describes a crime punishable by imprisonment of either description for a term which may extend to seven years, and may also include a fine?",section 476 of the law describes such a crime.,IPC,law_info
what is the crime described in section 477?,"the crime is fraudulent cancellation, destruction, etc., of will, authority to adopt, or valuable security.",IPC,law_info
"which section describes the crime of fraudulent cancellation, destruction, etc., of will, authority to adopt, or valuable security?",section 477 describes this crime.,IPC,law_info
"what is the punishment for someone who intentionally causes damage or injury to the public or to any person, or destroys or defaces any document such as a will, or a valuable security?","the person can be punished with imprisonment for life, or with imprisonment of either description for a term which may extend to seven years, and shall also be liable to fine.",IPC,law_info
"what penalty can a person face if they intentionally cause damage or injury to the public or any person, or destroy or deface a document like a will, or a valuable security?","the person can be punished with imprisonment for life, or with imprisonment of either description for a term which may extend to seven years, and shall also be liable to fine.",IPC,law_info
"what is the punishment for a clerk, officer or servant who with intent to defraud, destroys, alters, mutilates or falsifies any book, electronic record, paper, writing, valuable security or account?","the person can be punished with imprisonment of either description for a term which may extend to seven years, or with fine, or with both.",IPC,law_info
"what is the maximum imprisonment term or other penalties for someone who intentionally destroys, alters, mutilates or falsifies any book, electronic record, paper, writing, valuable security or account with the intent to defraud?","the maximum imprisonment term can extend up to seven years, or there could be a fine, or both.",IPC,law_info
when was the term transportation for life substituted by imprisonment for life?,"it was substituted by act 26 of 1955, s. 117 and the sch., on 111956.",IPC,law_info
what act substituted the term transportation for life by imprisonment for life and when did it come into effect?,"the term transportation for life was substituted by imprisonment for life by act 26 of 1955, s. 117 and the sch., on 111956.",IPC,law_info
"when was the term any document substituted by book, electronic record, paper, writing?","it was substituted by act 21 of 2000, s. 91 and the first sch., on 17102000.",IPC,law_info
"what act and section substituted the term any document with book, electronic record, paper, writing and when did this occur?","it was substituted by act 21 of 2000, s. 91 and the first sch., on 17102000.",IPC,law_info
is it necessary to name the particular person intended to be defrauded or specify the particular sum of money intended to be the subject of the fraud in any charge under this section?,"no, it is sufficient to allege a general intent to defraud without naming any particular person intended to be defrauded or specifying any particular sum of money intended to be the subject of the fraud.",IPC,law_info
is it enough to allege a general intent to defraud without naming any specific person or specifying any particular sum of money in a fraud charge under this section?,"yes, it is sufficient to allege a general intent to defraud without naming any particular person intended to be defrauded or specifying any particular sum of money intended to be the subject of the fraud.",IPC,law_info
what is a property mark?,a mark used for denoting that movable property belongs to a particular person.,IPC,law_info
what is a mark used for denoting that movable property belongs to a particular person called?,a property mark,IPC,law_info
what is defined as using a false property mark?,"marking any movable property or goods or any case, package or other receptacle containing movable property or goods, or using any case, package or other receptacle having any mark thereon, in a manner reasonably calculated to cause it to be believed that the property or goods so marked, or any property or goods contained in any such receptacle so marked, belong to a person to whom they do not belong.",IPC,law_info
"what does it mean when any movable property or goods or any case, package or other receptacle containing movable property or goods is marked, or a case, package or other receptacle having any mark thereon is used, in a manner reasonably calculated to cause it to be believed that the property or goods so marked, or any property or goods contained in any such receptacle so marked, belong to a person to whom they do not belong?",this is defined as using a false property mark.,IPC,law_info
what is the punishment for using a false property mark?,"whoever uses any false property mark shall, unless he proves that he acted without intent to defraud, be punished with imprisonment of either description for a term which may extend to one year, or with fine, or with both.",IPC,law_info
what could happen to someone who is unable to prove that they used a false property mark without intent to defraud?,"they could be punished with imprisonment of either description for a term which may extend to one year, or with fine, or with both.",IPC,law_info
what is the punishment for counterfeiting a property mark used by another person?,"whoever counterfeits any property mark used by any other person shall be punished with imprisonment of either description for a term which may extend to two years, or with fine, or with both.",IPC,law_info
what is the punishment for someone who counterfeits another persons property mark?,"the punishment for counterfeiting another persons property mark can extend to imprisonment for up to two years, a fine, or both.",IPC,law_info
what is the punishment for counterfeiting a mark used by a public servant?,"whoever counterfeits any property mark used by a public servant, or any mark used by a public servant to denote that any property has been manufactured by a particular person or at a particular time or place, or that the property is of a particular quality or has passed through a particular office, or that it is entitled to any exemption, or uses as genuine any such mark knowing the same to be counterfeit, shall be punished with imprisonment of either description.",IPC,law_info
what happens if someone counterfeits a property mark used by a public servant or uses such a mark knowing it to be counterfeit?,the person shall be punished with imprisonment of either description.,IPC,law_info
what is the punishment for making or possessing any instrument for counterfeiting a property mark?,"the person shall be punished with imprisonment of either description for a term which may extend to three years, or with fine, or with both.",IPC,law_info
what is the maximum term of imprisonment or alternative punishment for someone who makes or possesses any instrument for counterfeiting a property mark?,"the maximum term of imprisonment can extend to three years, or the person can be fined, or both.",IPC,law_info
what constitutes an offence under section 486?,"selling, exposing, or having in possession for sale, any goods or things with a counterfeit property mark affixed to or impressed upon the same or to or upon any case, package or other receptacle in which such goods are contained, constitutes an offence under section 486.",IPC,law_info
"what act is considered an offence under section 486 if someone is selling, exposing, or having in possession for sale, any goods or things with a counterfeit property mark affixed to or impressed upon the same or to or upon any case, package or other receptacle in which such goods are contained?",such act constitutes an offence under section 486.,IPC,law_info
what is the punishment for selling goods marked with a counterfeit property mark?,"the person shall be punished with imprisonment of either description for a term which may extend to one year, or with fine, or with both.",IPC,law_info
what is the possible imprisonment or fine for someone who sells goods marked with a counterfeit property mark?,"the person can be punished with imprisonment that may extend to one year, or with a fine, or with both.",IPC,law_info
what are the conditions under which a person is not considered guilty under section 486?,"a person is not considered guilty under section 486 if they prove that they took all reasonable precautions against committing an offence, had no reason to suspect the genuineness of the mark at the time of the alleged offence, gave all the information in his power with respect to the persons from whom he obtained such goods or things, or otherwise acted innocently.",IPC,law_info
what does a person need to prove to not be considered guilty under section 486?,"the person needs to prove that they took all reasonable precautions against committing an offence, had no reason to suspect the genuineness of the mark at the time of the alleged offence, gave all the information in his power with respect to the persons from whom he obtained such goods or things, or otherwise acted innocently.",IPC,law_info
what is the punishment for making a false mark on a receptacle containing goods?,"the punishment can extend to three years of imprisonment, a fine, or both.",IPC,law_info
"what is the maximum penalty for a crime that can result in up to three years of imprisonment, a fine, or both?","making a false mark on a receptacle containing goods is a crime that can result in up to three years of imprisonment, a fine, or both.",IPC,law_info
what is the penalty for making use of a false mark as prohibited?,the person is punished as if they had committed an offence against the section that prohibits making a false mark.,IPC,law_info
what happens to a person who is caught making use of a false mark as prohibited?,the person is punished as if they had committed an offence against the section that prohibits making a false mark.,IPC,law_info
what is the punishment for tampering with a property mark with the intent to cause injury?,"the punishment can extend to one year of imprisonment, a fine, or both.",IPC,law_info
what can the consequences be for tampering with a property mark with the intention to cause injury?,"the consequences can include up to one year of imprisonment, a fine, or both.",IPC,law_info
what is the penalty for counterfeiting currencynotes or banknotes?,"the punishment can be imprisonment for life, or imprisonment for a term which may extend to ten years, and they shall also be liable to a fine.",IPC,law_info
what are the potential consequences for counterfeiting currencynotes or banknotes?,"the consequences can be imprisonment for life, or imprisonment for a term which may extend to ten years, and they shall also be liable to a fine.",IPC,law_info
what is the definition of a banknote according to this text?,"a banknote is a promissory note or engagement for the payment of money to bearer on demand issued by any person carrying on the business of banking in any part of the world, or issued by or under the authority of any state or sovereign power.",IPC,law_info
who can issue a banknote according to its definition?,"a banknote can be issued by any person carrying on the business of banking in any part of the world, or by or under the authority of any state or sovereign power.",IPC,law_info
"what is the punishment for selling, buying, or using as genuine any forged or counterfeit currencynote or banknote?","the punishment is imprisonment for life or imprisonment of either description for a term which may extend to ten years, and also liable to fine.",IPC,law_info
"what is the penalty for someone who is found guilty of selling, buying, or using as genuine any forged or counterfeit currencynote or banknote?","the penalty is imprisonment for life or imprisonment of either description for a term which may extend to ten years, and also liable to fine.",IPC,law_info
what is the punishment for possessing any forged or counterfeit currencynote or banknote with the intention to use it as genuine?,"the punishment is imprisonment of either description for a term which may extend to seven years, or with fine, or with both.",IPC,law_info
what is the maximum duration of imprisonment or the possible additional penalties for someone who possesses any forged or counterfeit currencynote or banknote with the intention to use it as genuine?,"the maximum duration of imprisonment is seven years, and the additional penalties can include a fine, or both imprisonment and a fine.",IPC,law_info
"what is the punishment for making, buying, selling, disposing, or possessing any machinery, instrument or material for the purpose of forging or counterfeiting any currencynote or banknote?","the punishment is imprisonment for life or imprisonment of either description for a term which may extend to ten years, and also liable to fine.",IPC,law_info
"what can be the consequences if someone is caught making, buying, selling, disposing, or possessing any machinery, instrument or material for the purpose of forging or counterfeiting any currencynote or banknote?","the consequences can be imprisonment for life or imprisonment of either description for a term which may extend to ten years, and also liable to fine.",IPC,law_info
"what is the punishment for making, using, or delivering any document purporting to be, or in any way resembling, any currencynote or banknote?",the punishment is fine which may extend to one hundred rupees.,IPC,law_info
"what is the maximum fine for making, using, or delivering any document purporting to be, or in any way resembling, any currencynote or banknote?",the maximum fine is one hundred rupees.,IPC,law_info
what is the punishment for a person who refuses to disclose the name and address of the person who printed or made a document which is an offence under subsection 1?,he shall be punished with fine which may extend to two hundred rupees.,IPC,law_info
what fine may be imposed on a person who refuses to disclose the name and address of the person who printed or made a document which is an offence under subsection 1?,the fine may extend to two hundred rupees.,IPC,law_info
what can be presumed if a persons name appears on a document in relation to which an offence under subsection 1 has been charged?,it may be presumed that that person caused the document to be made.,IPC,law_info
what can be inferred if a person caused a document to be made and an offence under subsection 1 has been charged?,"if a persons name appears on that document, it can be presumed they are related to the offence.",IPC,law_info
what is the punishment for breaching a contract to attend on or supply the wants of a helpless person?,"the person shall be punished with imprisonment of either description for a term which may extend to three months, or with fine which may extend to two hundred rupees, or with both.",IPC,law_info
"what is the maximum punishment, in terms of imprisonment and fine, for someone who breaches a contract to attend on or supply the wants of a helpless person?","the maximum punishment is imprisonment for a term which may extend to three months, andor a fine which may extend to two hundred rupees.",IPC,law_info
what is the offence under section 493 related to marriage?,cohabitation caused by a man deceitfully inducing a belief of lawful marriage.,IPC,law_info
"what does it mean when a man induces a belief of lawful marriage deceitfully and cohabitates, in legal terms?",it is an offence under section 493 related to marriage.,IPC,law_info
what is the punishment for knowingly not being lawfully married but going through the ceremony with fraudulent intentions?,"the person shall be punished with imprisonment of either description for a term which may extend to ten years, and shall also be liable to fine.",IPC,law_info
what is the penalty for a person who knowingly participates in a marriage ceremony without being lawfully married and with fraudulent intentions?,"the person shall be punished with imprisonment of either description for a term which may extend to ten years, and shall also be liable to fine.",IPC,law_info
what is the punishment for marrying again while having a living spouse?,"the person shall be punished with imprisonment of either description for a term which may extend to seven years, and shall also be liable to fine.",IPC,law_info
what is the consequence for someone who marries again while having a living spouse?,"the person shall be punished with imprisonment of either description for a term which may extend to seven years, and shall also be liable to fine.",IPC,law_info
what is the exception to the rule of marrying again during the lifetime of a husband or wife?,"the section does not extend to any person whose marriage has been declared void by a court of competent jurisdiction, nor to any person who contracts a marriage during the life of a former husband or wife, if such husband or wife, at the time of the subsequent marriage, shall have been continually absent from such person for the space of seven years, and shall not have been heard of by such person as being alive within that time.",IPC,law_info
to whom does the rule of marrying again during the lifetime of a husband or wife not extend?,"the rule does not extend to any person whose marriage has been declared void by a court of competent jurisdiction, nor to any person who contracts a marriage during the life of a former husband or wife, if such husband or wife, at the time of the subsequent marriage, shall have been continually absent from such person for the space of seven years, and shall not have been heard of by such person as being alive within that time.",IPC,law_info
what is the punishment for concealing a former marriage from the person with whom a subsequent marriage is contracted?,"the person shall be punished with imprisonment of either description for a term which may extend to ten years, and shall also be liable to fine.",IPC,law_info
what is the potential punishment for someone who hides a previous marriage from their new spouse?,the person may be imprisoned for up to ten years and may also be fined.,IPC,law_info
what is the punishment for the offence of adultery?,"the punishment for the offence of adultery is imprisonment for a term which may extend to five years, or with fine, or with both.",IPC,law_info
"what offence can lead to imprisonment for a term which may extend to five years, or with fine, or with both?","the offence of adultery can lead to imprisonment for a term which may extend to five years, or with fine, or with both.",IPC,law_info
who is not punishable as an abettor in the case of adultery?,"in the case of adultery, the wife is not punishable as an abettor.",IPC,law_info
"in the case of adultery, who is not punishable as an abettor?",the wife is not punishable as an abettor.,IPC,law_info
what is the punishment for enticing or taking away a married woman with criminal intent?,"the punishment for enticing or taking away a married woman with criminal intent is imprisonment for a term which may extend to two years, or with fine, or with both.",IPC,law_info
what is the maximum term of imprisonment or other potential penalties for the crime of enticing or taking away a married woman with criminal intent?,"the maximum term of imprisonment for enticing or taking away a married woman with criminal intent may extend to two years, or the offender may be fined, or both.",IPC,law_info
what is the punishment for a husband or relative of a husband subjecting a woman to cruelty?,the punishment for a husband or relative of a husband subjecting a woman to cruelty is imprisonment for a term which may extend to three years and shall also be liable to fine.,IPC,law_info
what is the maximum term of imprisonment and other liabilities for a husband or relative who subjects a woman to cruelty?,"the maximum term of imprisonment for a husband or relative who subjects a woman to cruelty may extend to three years, and they shall also be liable to fine.",IPC,law_info
what is the definition of cruelty in this context?,"in this context, cruelty means any wilful conduct which is of such a nature as is likely to drive the woman to commit suicide or to cause grave injury or danger to life, limb or health of the woman or harassment of the woman where such harassment is with a view to coercing her or any person related to her to meet any unlawful demand for any property or valuable security or is on account of failure by her or any person related to her to meet such demand.",IPC,law_info
"what does cruelty refer to when it is likely to drive a woman to commit suicide, cause grave injury or danger to her life, limb or health, or when it involves harassment with a view to coercing her or any person related to her to meet any unlawful demand for any property or valuable security, or is due to failure by her or any person related to her to meet such demand?","in this context, cruelty is defined as such.",IPC,law_info
what is defamation according to chapter xxi?,"defamation is when a person, by words either spoken or intended to be read, or by signs or visible representations, makes or publishes any imputation concerning any person intending to harm, or knowing or having reason to believe that such imputation will harm, the reputation of such person.",IPC,law_info
"what does it mean when a person, by words either spoken or intended to be read, or by signs or visible representations, makes or publishes any imputation concerning any person intending to harm, or knowing or having reason to believe that such imputation will harm, the reputation of such person according to chapter xxi?",this is referred to as defamation.,IPC,law_info
can defamation apply to deceased individuals?,"yes, it may amount to defamation to impute anything to a deceased person, if the imputation would harm the reputation of that person if living, and is intended to be hurtful to the feelings of his family or other near relatives.",IPC,law_info
"does imputing something harmful to a deceased person, with the intention to hurt his family or near relatives feelings, amount to defamation?","yes, it may amount to defamation to impute anything to a deceased person, if the imputation would harm the reputation of that person if living, and is intended to be hurtful to the feelings of his family or other near relatives.",IPC,law_info
can companies or associations be defamed?,"yes, it may amount to defamation to make an imputation concerning a company or an association or collection of persons as such.",IPC,law_info
does making an imputation concerning a company or an association or collection of persons amount to defamation?,"yes, it may amount to defamation.",IPC,law_info
what does an imputation need to do to harm a persons reputation?,"an imputation is said to harm a persons reputation, if that imputation directly or indirectly, in the estimation of others, lowers the moral or intellectual character of that person, or lowers the character of that person in respect of his caste or of his calling, or lowers the credit of that person, or causes it to be believed that the body of that person is in a loathsome state, or in a state generally considered as disgraceful.",IPC,law_info
what characteristics or beliefs about a person can be affected by an imputation that harms their reputation?,"an imputation that harms a persons reputation can affect their moral or intellectual character, the character in respect of their caste or their calling, their credit, and can cause others to believe their body is in a loathsome or disgraceful state.",IPC,law_info
what are some examples of defamation?,"some examples of defamation include a saying z is an honest man he never stole bs watch, with the intention to cause it to be believed that z did steal bs watch. another example is when a is asked who stole bs watch, and a points to z, intending to cause it to be believed that z stole bs watch. a third example is when a draws a picture of z running away with bs watch, intending it to be believed that z stole bs watch.",IPC,law_info
what does defamation look like when it involves allegations of stealing someones watch?,"defamation in this context can be represented in different ways. for instance, if someone says z is an honest man he never stole bs watch, with the intention to cause it to be believed that z did steal bs watch, this is defamation. another example is when asked who stole bs watch, and someone points to z, intending to cause it to be believed that z stole bs watch. a third example is when someone draws a picture of z running away with bs watch, intending it to be believed that z stole bs watch.",IPC,law_info
what is not considered defamation when it concerns any person?,"imputing anything which is true concerning any person, if it is for the public good that the imputation should be made or published.",IPC,law_info
what is the condition under which imputing something true about a person is not considered defamation?,it is not considered defamation if it is for the public good that the imputation should be made or published.,IPC,law_info
"in the context of defamation, what does the public conduct of public servants exception entail?","it is not defamation to express in good faith any opinion respecting the conduct of a public servant in the discharge of his public functions, or respecting his character, so far as his character appears in that conduct, and no further.",IPC,law_info
"what does it mean to express in good faith any opinion respecting the conduct of a public servant in the discharge of his public functions, or respecting his character, so far as his character appears in that conduct, and no further?","this refers to the public conduct of public servants exception in the context of defamation, which means it is not defamation to express such opinions.",IPC,law_info
what is the third exception to defamation related to?,"the third exception to defamation is related to the conduct of any person touching any public question. it is not defamation to express in good faith any opinion whatever respecting the conduct of any person touching any public question, and respecting his character, so far as his character appears in that conduct, and no further.",IPC,law_info
"what does it mean when the third exception to defamation is related to the conduct of any person touching any public question, and it is not defamation to express in good faith any opinion whatever respecting the conduct of any person touching any public question, and respecting his character, so far as his character appears in that conduct, and no further?",it means the third exception to defamation is related to the behavior or actions of a person in the context of a public issue. it considers it not defamation if someone honestly expresses their opinion about that persons actions and their character as it appears in those actions.,IPC,law_info
is it defamation to publish a true report of the proceedings of a court of justice?,"no, it is not defamation to publish substantially true report of the proceedings of a court of justice, or of the result of any such proceedings.",IPC,law_info
"is it considered defamation to publish a substantially true report of the proceedings of a court of justice, or of the result of any such proceedings?","no, it is not considered defamation.",IPC,law_info
is it defamation to express an opinion on the merits of a case decided in court?,"no, it is not defamation to express in good faith any opinion whatever respecting the merits of any case, civil or criminal, which has been decided by a court of justice.",IPC,law_info
"can one express in good faith any opinion whatever respecting the merits of any case, civil or criminal, which has been decided by a court of justice without it being defamation?","yes, it is not defamation to express such an opinion.",IPC,law_info
what does the sixth exception of defamation state?,"the sixth exception of defamation states that it is not defamation to express in good faith any opinion respecting the merits of any performance which its author has submitted to the judgment of the public, or respecting the character of the author so far as his character appears in such performance, and no further.",IPC,law_info
"what does it mean to express in good faith any opinion respecting the merits of any performance which its author has submitted to the judgment of the public, or respecting the character of the author so far as his character appears in such performance, and no further?",this is the sixth exception of defamation.,IPC,law_info
what does the explanation of the sixth exception of defamation suggest?,the explanation suggests that a performance may be submitted to the judgment of the public either expressly or by acts on the part of the author which imply such submission to the judgment of the public.,IPC,law_info
"what does a performance being submitted to the judgment of the public, either expressly or by implication, suggest according to the defamation exceptions?",this suggests the explanation of the sixth exception of defamation.,IPC,law_info
what is an example of a person submitting their work to the judgment of the public?,"an example of this is a person who publishes a book, as they are submitting that book to the judgment of the public.",IPC,law_info
what is the act of publishing a book an example of?,publishing a book is an example of a person submitting their work to the judgment of the public.,IPC,law_info
what is considered a defamatory opinion in the context of the sixth exception?,"a defamatory opinion in this context would be if someone says i am not surprised that zs book is foolish and indecent, for he is a weak man and a libertine. this is not within the exception as it is not solely based on the work but also on personal character.",IPC,law_info
what opinion of a persons work is not considered defamation according to the sixth exception?,"an opinion like zs book is foolish z must be a weak man. zs book is indecent z must be a man of impure mind is not considered defamation if said in good faith. this is because it respects zs character only so far as it appears in zs book, and no further.",IPC,law_info
what kind of opinion about zs book can be expressed in good faith without it being considered defamation?,"an opinion like zs book is foolish z must be a weak man. zs book is indecent z must be a man of impure mind is not considered defamation. it is because it respects zs character only so far as it appears in zs book, and no further.",IPC,law_info
what is the seventh exception of defamation?,"the seventh exception of defamation is the censure passed in good faith by a person having lawful authority over another. this can include a judge censuring the conduct of a witness, a department head censuring subordinates, a parent censuring a child in front of their siblings, a schoolmaster censuring a pupil, a master censuring a servant for poor performance, or a banker censuring a cashier for their conduct.",IPC,law_info
what does the seventh exception of defamation include and who can exercise it?,"the seventh exception of defamation includes the censure passed in good faith by a person having lawful authority over another. it can be exercised by a judge censuring the conduct of a witness, a department head censuring subordinates, a parent censuring a child in front of their siblings, a schoolmaster censuring a pupil, a master censuring a servant for poor performance, or a banker censuring a cashier for their conduct.",IPC,law_info
what is the eighth exception of defamation?,the eighth exception of defamation is the accusation preferred in good faith to an authorised person. this means that it is not defamation to prefer in good faith an accusation against any person to any of those who have lawful authority over that person with respect to the subjectmatter of accusation.,IPC,law_info
what does it mean if an accusation is preferred in good faith to an authorised person under defamation law?,"it means that it is the eighth exception of defamation. specifically, it is not considered defamation to prefer in good faith an accusation against any person to any of those who have lawful authority over that person with respect to the subjectmatter of accusation.",IPC,law_info
what is the ninth exception of defamation?,"the ninth exception of defamation is the imputation made in good faith by a person for the protection of his or others interests. this means that it is not defamation to make an imputation on the character of another provided that the imputation be made in good faith for the protection of the interests of the person making it, or of any other person, or for the public good.",IPC,law_info
what does it mean when the imputation made in good faith by a person for the protection of his or others interests is considered as an exception of defamation?,"it means that it is the ninth exception of defamation. this exception implies that it is not defamation to make an imputation on the character of another provided that the imputation be made in good faith for the protection of the interests of the person making it, or of any other person, or for the public good.",IPC,law_info
can a parent censuring a child in good faith be considered defamation?,"no, a parent censuring a child in good faith is not considered defamation as per the seventh exception.",IPC,law_info
what is the seventh exception regarding defamation in relation to a parent censuring a child?,the seventh exception to defamation states that a parent censuring a child in good faith is not considered defamation.,IPC,law_info
can an accusation made in good faith to an authorised person be considered defamation?,"no, an accusation made in good faith to an authorised person is not considered defamation as per the eighth exception.",IPC,law_info
what is the eighth exception regarding accusations and defamation?,the eighth exception states that an accusation made in good faith to an authorised person is not considered defamation.,IPC,law_info
can an imputation made in good faith for the protection of interests be considered defamation?,"no, an imputation made in good faith for the protection of the interests of the person making it, or of any other person, or for the public good is not considered defamation as per the ninth exception.",IPC,law_info
what is the ninth exception to defamation?,"the ninth exception to defamation is an imputation made in good faith for the protection of the interests of the person making it, or of any other person, or for the public good.",IPC,law_info
what is the tenth exception to defamation?,"it is not defamation to convey a caution, in good faith, to one person against another, provided that such caution be intended for the good of the person to whom it is conveyed, or of some person in whom that person is interested, or for the public good.",IPC,law_info
"what does it mean if a caution, conveyed in good faith to one person against another for their own good or the public good, is not considered defamation?",it means it is the tenth exception to defamation.,IPC,law_info
what is the punishment for defamation?,"whoever defames another shall be punished with simple imprisonment for a term which may extend to two years, or with fine, or with both.",IPC,law_info
what is the possible maximum sentence for someone who defames another?,"the possible maximum sentence for defamation can extend to two years of simple imprisonment, or a fine, or both.",IPC,law_info
what is the punishment for printing or engraving matter known to be defamatory?,"whoever prints or engraves any matter, knowing or having good reason to believe that such matter is defamatory of any person, shall be punished with simple imprisonment for a term which may extend to two years, or with fine, or with both.",IPC,law_info
what is the potential penalty for someone who knowingly prints or engraves defamatory matter about any person?,"the potential penalty for someone who knowingly prints or engraves defamatory matter about any person can be simple imprisonment for a term which may extend to two years, or a fine, or both.",IPC,law_info
what is the punishment for selling printed or engraved substance containing defamatory matter?,"whoever sells or offers for sale any printed or engraved substance containing defamatory matter, knowing that it contains such matter, shall be punished with simple imprisonment for a term which may extend to two years, or with fine, or with both.",IPC,law_info
what is the potential punishment for someone who knowingly sells or offers for sale any printed or engraved substance containing defamatory matter?,"the potential punishment for someone who knowingly sells or offers for sale any printed or engraved substance containing defamatory matter is simple imprisonment for a term which may extend to two years, or with a fine, or with both.",IPC,law_info
what is criminal intimidation?,"criminal intimidation is when someone threatens another with any injury to his person, reputation or property, or to the person or reputation of anyone in whom that person is interested, with intent to cause alarm to that person, or to cause that person to do any act which he is not legally bound to do, or to omit to do any act which that person is legally entitled to do, as the means of avoiding the execution of such threat.",IPC,law_info
"what does it mean when someone threatens another with injury to his person, reputation, or property with intent to cause alarm or to force them to do or not do something they are legally bound or not bound to do respectively?",this is known as criminal intimidation.,IPC,law_info
what constitutes criminal intimidation?,"a threat to injure the reputation of any deceased person in whom the person threatened is interested, or a threat to burn someones house to induce them to resist from prosecuting a civil suit.",IPC,law_info
"what could be considered as a threat to injure the reputation of any deceased person in whom the person threatened is interested, or a threat to burn someones house to induce them to resist from prosecuting a civil suit?",these actions can be constituted as criminal intimidation.,IPC,law_info
what is the punishment for intentional insult with intent to provoke a breach of peace?,"the punishment can be imprisonment for a term which may extend to two years, or with fine, or with both.",IPC,law_info
what is the maximum imprisonment term for a crime that also may include a fine?,the maximum imprisonment term for such a crime can extend to two years.,IPC,law_info
what constitutes a statement conducing to public mischief?,"a statement that intends to cause or is likely to cause any officer, soldier, sailor or airman in the army, navy or air force of india to mutiny or fail in his duty, or a statement that intends to cause fear or alarm to the public, or a statement that intends to incite any class or community of persons to commit any offence against any other class or community.",IPC,law_info
what does a statement intend to cause if it is conducing to public mischief?,"a statement conducing to public mischief intends to cause or is likely to cause any officer, soldier, sailor or airman in the army, navy or air force of india to mutiny or fail in his duty, or intends to cause fear or alarm to the public, or intends to incite any class or community of persons to commit any offence against any other class or community.",IPC,law_info
what is the punishment for making statements conducing to public mischief?,"the punishment can be imprisonment which may extend to three years, or with fine, or with both.",IPC,law_info
"what can be the consequences for a crime, that could lead to imprisonment for up to three years, a fine, or both?",making statements conducing to public mischief can lead to such consequences.,IPC,law_info
"what constitutes a statement creating or promoting enmity, hatred or illwill between classes?","a statement or report containing rumour or alarming news with intent to create or promote, or which is likely to create or promote, on grounds of religion, race, place of birth, residence, language, caste or community or any other ground whatsoever, feelings of enmity, hatred or illwill between different religious, races, places of birth, residences, languages, castes or communities.",IPC,law_info
"what does a statement or report containing rumour or alarming news with intent to create or promote, or which is likely to create or promote, on grounds of religion, race, place of birth, residence, language, caste or community or any other ground whatsoever, feelings of enmity, hatred or illwill between different religious, races, places of birth, residences, languages, castes or communities constitute?","such a statement constitutes a statement creating or promoting enmity, hatred or illwill between classes.",IPC,law_info
"what is the punishment for committing an offence against racial, language or regional groups or castes or communities?","the punishment is imprisonment which may extend to three years, or with fine, or with both.",IPC,law_info
"what is the maximum imprisonment term, or the alternative penalties, for committing an offence against racial, language or regional groups or castes or communities?","the maximum imprisonment term can extend to three years, or the guilty party may be fined, or both penalties may be applied.",IPC,law_info
what is the punishment for committing an offence under subsection 2 in a place of worship or in an assembly engaged in religious worship or ceremonies?,the punishment is imprisonment which may extend to five years and shall also be liable to fine.,IPC,law_info
what is the maximum duration of imprisonment and additional liabilities for committing an offence under subsection 2 in a place of worship or in an assembly engaged in religious worship or ceremonies?,the maximum duration of imprisonment is five years and the offender shall also be liable to fine.,IPC,law_info
what is the exception to committing an offence under this section?,"it does not amount to an offence if the person making, publishing or circulating any such statement, rumour or report, has reasonable grounds for believing that such statement, rumour or report is true and makes, publishes or circulates it in good faith and without any such intent.",IPC,law_info
"what conditions must be met for a person making, publishing or circulating a statement, rumour or report to not be committing an offence under this section?","the person must have reasonable grounds for believing that the statement, rumour or report is true and must make, publish or circulate it in good faith and without any such intent.",IPC,law_info
what is the punishment for the offence of criminal intimidation?,"the punishment is imprisonment of either description for a term which may extend to two years, or with fine, or with both.",IPC,law_info
"what can the imprisonment term extend to for the offence of criminal intimidation, and are there any other penalties?","the imprisonment term can extend to two years, and it can also be accompanied by a fine or both.",IPC,law_info
"what is the punishment for criminal intimidation if the threat be to cause death or grievous hurt, or to cause the destruction of any property by fire, or to cause an offence punishable with death or imprisonment for life, or with imprisonment for a term which may extend to seven years, or to impute unchastity to a woman?","the punishment is imprisonment of either description for a term which may extend to seven years, or with fine, or with both.",IPC,law_info
"what is the penalty for someone who is guilty of threatening to cause death or grievous hurt, destruction of property by fire, causing an offence punishable with death or life imprisonment, or imputing unchastity to a woman?","the punishment is imprisonment of either description for a term which may extend to seven years, or with fine, or with both.",IPC,law_info
what is the punishment for the offence of criminal intimidation by an anonymous communication?,"the punishment is imprisonment of either description for a term which may extend to two years, in addition to the punishment provided for the offence by the last preceding section.",IPC,law_info
what is the term of imprisonment for the offence of criminal intimidation by an anonymous communication?,"the term of imprisonment for this offence may extend to two years, in addition to the punishment provided for the offence by the last preceding section.",IPC,law_info
what does section 505 refer to?,the text doesnt provide specific information about what section 505 refers to.,IPC,law_info
does the text provide specific information about what section 505 refers to?,"no, the text doesnt provide specific information about what section 505 refers to.",IPC,law_info
"what changes were made to section 505 by act 35 of 1969, s. 3?","section 505 was renumbered as subsection 1 of that section by act 35 of 1969, s. 3.",IPC,law_info
"which subsection did section 505 become as a result of act 35 of 1969, s. 3?","section 505 was renumbered as subsection 1 of that section by act 35 of 1969, s. 3.",IPC,law_info
"what was substituted by act 10 of 1927, s. 2 and the first sch.?","the phrase or sailor was substituted by act 10 of 1927, s. 2 and the first sch.",IPC,law_info
"which phrase was substituted by act 10 of 1927, s. 2 and the first sch.?",the phrase or sailor was substituted.,IPC,law_info
what was replaced with or navy?,the phrase or navy was substituted by s. 2 and the first sch.,IPC,law_info
what was the phrase or navy substituted by?,the phrase or navy was substituted by s. 2 and the first sch.,IPC,law_info
what substitution was made by the a. o. 1950?,the phrase of her majesty or in the imperial service troops was substituted by the a. o. 1950.,IPC,law_info
what phrase was substituted by the a. o. 1950?,the phrase of her majesty or in the imperial service troops was substituted by the a. o. 1950.,IPC,law_info
"what amendment was made by act 41 of 1961, s. 4?","the phrase two years was substituted by act 41 of 1961, s. 4.",IPC,law_info
"what was substituted by act 41 of 1961, s. 4?","the phrase two years was substituted by act 41 of 1961, s. 4.",IPC,law_info
"what was inserted by act 35 of 1969, s. 3?","the text doesnt provide specific information about what was inserted by act 35 of 1969, s. 3.",IPC,law_info
"does the text provide specific information about what was inserted by act 35 of 1969, s. 3?","no, the text doesnt provide specific information about what was inserted by act 35 of 1969, s. 3.",IPC,law_info
"what substitution was made by act 26 of 1955, s. 117 and the sch.?","the term transportation was substituted by act 26 of 1955, s. 117 and the sch. with effect from 111956.",IPC,law_info
"what term was substituted by act 26 of 1955, s. 117 and the sch. with effect from 111956?",the term transportation was substituted.,IPC,law_info
what is the punishment for causing a person to believe that he will be rendered an object of divine displeasure as per act 508?,"the person shall be punished with imprisonment of either description for a term which may extend to one year, or with fine, or with both.",IPC,law_info
what are the potential consequences for someone who violates act 508 by causing a person to believe they will be rendered an object of divine displeasure?,"the person shall be punished with imprisonment of either description for a term which may extend to one year, or with fine, or with both.",IPC,law_info
what constitutes an offence as per act 508?,"an offence is committed if a person voluntarily causes or attempts to cause any person to do anything which that person is not legally bound to do, or to omit to do anything which he is legally entitled to do, by inducing or attempting to induce that person to believe that he or any person in whom he is interested will become or will be rendered by some act of the offender an object of divine displeasure.",IPC,law_info
"what is considered an offence if a person voluntarily causes or attempts to cause any person to do anything which that person is not legally bound to do, or to omit to do anything which he is legally entitled to do, by inducing or attempting to induce that person to believe that he or any person in whom he is interested will become or will be rendered by some act of the offender an object of divine displeasure?",this is considered an offence as per act 508.,IPC,law_info
what is the offence defined in section 509?,"the offence defined in section 509 is if anyone, intending to insult the modesty of any woman, utters any word.",IPC,law_info
what is the intent of a person committing the offence defined in section 509?,the intent of a person committing the offence defined in section 509 is to insult the modesty of any woman by uttering any word.,IPC,law_info
"what is the punishment for a person who makes any sound or gesture intending to be heard or seen by a woman, or intrudes upon her privacy?","the person shall be punished with simple imprisonment for a term which may extend to three years, and also with fine.",IPC,law_info
"what is the maximum term of simple imprisonment and the additional punishment for someone who makes any sound or gesture with the intent to be heard or seen by a woman, or intrudes upon her privacy?","the maximum term of simple imprisonment is three years, and the additional punishment is a fine.",IPC,law_info
what is the consequence for misconduct in public by a drunken person?,"the person shall be punished with simple imprisonment for a term which may extend to twentyfour hours, or with fine which may extend to ten rupees, or with both.",IPC,law_info
what is the punishment for a person guilty of public misconduct while drunk?,"the person shall be punished with simple imprisonment for a term which may extend to twentyfour hours, or with fine which may extend to ten rupees, or with both.",IPC,law_info
what is the punishment for attempting to commit offences punishable with imprisonment for life or other imprisonment?,"the person shall be punished with imprisonment of any description provided for the offence, for a term which may extend to onehalf of the imprisonment for life or, as the case may be, one half of the longest term of imprisonment provided for that offence, or with such fine as is provided for the offence, or with both.",IPC,law_info
what does the law state about the punishment for someone who attempts to commit offences punishable with imprisonment for life or other imprisonment?,"the law states that the person shall be punished with imprisonment of any description provided for the offence, for a term which may extend to onehalf of the imprisonment for life or, as the case may be, one half of the longest term of imprisonment provided for that offence, or with such fine as is provided for the offence, or with both.",IPC,law_info
what happens if a person attempts to steal jewels but finds no jewels in the box?,the person is guilty under section 511 because they have done an act towards the commission of theft.,IPC,law_info
"what is a person guilty of if they perform an act towards the commission of theft, such as attempting to steal jewels but finding no jewels in the box?",the person is guilty under section 511.,IPC,law_info
what happens if a person attempts to pick someones pocket but fails because theres nothing in the pocket?,the person is guilty under section 511.,IPC,law_info
what is the legal consequence for a person who attempts to pick someones pocket but finds it empty?,the person is guilty under section 511.,IPC,law_info
what is the maximum term for simple imprisonment as mentioned in the text?,one year,IPC,law_info
what is the duration of simple imprisonment mentioned in the text that has the maximum limit?,one year,IPC,law_info
when did the change to a possible one year imprisonment term come into effect?,322013,IPC,law_info
what significant legal change happened on 322013?,the change to a possible one year imprisonment term came into effect,IPC,law_info
"what was substituted by act 26 of 1955, s. 117 and the sch.?",transportation,IPC,law_info
"what was replaced with by act 26 of 1955, s. 117 and the sch.?",transportation,IPC,law_info
when did the substitution for transportation come into effect?,111956,IPC,law_info
what came into effect on 111956?,the substitution for transportation,IPC,law_info
"what was substituted by s. 117 and the sch., ibid.?",certain words,IPC,law_info
"what did s. 117 and the sch., ibid. substitute?",certain words,IPC,law_info
when did the substitution for certain words come into effect?,111956,IPC,law_info
what happened on 111956?,the substitution for certain words came into effect,IPC,law_info
